-- MySQL dump 10.13  Distrib 8.0.43, for Win64 (x86_64)
--
-- Host: localhost    Database: investment_analysis
-- ------------------------------------------------------
-- Server version	8.0.43

/*!40101 SET @OLD_CHARACTER_SET_CLIENT=@@CHARACTER_SET_CLIENT */;
/*!40101 SET @OLD_CHARACTER_SET_RESULTS=@@CHARACTER_SET_RESULTS */;
/*!40101 SET @OLD_COLLATION_CONNECTION=@@COLLATION_CONNECTION */;
/*!50503 SET NAMES utf8mb4 */;
/*!40103 SET @OLD_TIME_ZONE=@@TIME_ZONE */;
/*!40103 SET TIME_ZONE='+00:00' */;
/*!40014 SET @OLD_UNIQUE_CHECKS=@@UNIQUE_CHECKS, UNIQUE_CHECKS=0 */;
/*!40014 SET @OLD_FOREIGN_KEY_CHECKS=@@FOREIGN_KEY_CHECKS, FOREIGN_KEY_CHECKS=0 */;
/*!40101 SET @OLD_SQL_MODE=@@SQL_MODE, SQL_MODE='NO_AUTO_VALUE_ON_ZERO' */;
/*!40111 SET @OLD_SQL_NOTES=@@SQL_NOTES, SQL_NOTES=0 */;

--
-- Table structure for table `audit_logs`
--

DROP TABLE IF EXISTS `audit_logs`;
/*!40101 SET @saved_cs_client     = @@character_set_client */;
/*!50503 SET character_set_client = utf8mb4 */;
CREATE TABLE `audit_logs` (
  `id` binary(16) NOT NULL,
  `action` varchar(255) NOT NULL,
  `created_at` datetime(6) DEFAULT NULL,
  `entity_id` varchar(255) DEFAULT NULL,
  `entity_type` varchar(255) DEFAULT NULL,
  `ip_address` varchar(255) DEFAULT NULL,
  `actor_user_id` varchar(10) DEFAULT NULL,
  PRIMARY KEY (`id`),
  KEY `fk_audit_actor_user_id` (`actor_user_id`),
  CONSTRAINT `fk_audit_actor_user_id` FOREIGN KEY (`actor_user_id`) REFERENCES `users` (`user_id`)
) ENGINE=InnoDB DEFAULT CHARSET=utf8mb4 COLLATE=utf8mb4_0900_ai_ci;
/*!40101 SET character_set_client = @saved_cs_client */;

--
-- Dumping data for table `audit_logs`
--

LOCK TABLES `audit_logs` WRITE;
/*!40000 ALTER TABLE `audit_logs` DISABLE KEYS */;
INSERT INTO `audit_logs` VALUES (0x002CAF7909D64B86A85E763607DC1B85,'LOGIN','2026-01-11 11:43:49.464262','8c436dac-a462-4c28-ba1d-1d8c16722dbe','USER','10.241.186.203',NULL),(0x0040CF6578B54B2285AF10A4AB4A3285,'LOGIN','2026-01-11 13:00:12.293392','8c436dac-a462-4c28-ba1d-1d8c16722dbe','USER','172.25.243.25',NULL),(0x015D7BFD3AAB4059A5B58A3566347A8E,'LOGIN','2026-01-10 11:30:23.554688','8c436dac-a462-4c28-ba1d-1d8c16722dbe','USER','10.184.243.4',NULL),(0x02135E8EFE454635BBD8AF91BF6BDA6B,'IMPERSONATE','2026-01-05 00:51:07.243901','Impersonated user a299a06e-516b-4caf-931e-4118f734ec2a','ADMIN','0:0:0:0:0:0:0:1','SM0001'),(0x03441CE3D2664A35B198CD0C612C4CA8,'LOGIN','2026-01-06 21:33:18.777446','a299a06e-516b-4caf-931e-4118f734ec2a','USER','0:0:0:0:0:0:0:1',NULL),(0x0347CF9370B4455FAD239E0D9D16008B,'LOGIN','2026-01-09 00:53:48.334324','8c436dac-a462-4c28-ba1d-1d8c16722dbe','USER','192.168.0.190',NULL),(0x03C885F4423C45589D043E4F0ED2FABC,'IMPERSONATE','2026-01-05 23:04:44.207296','Impersonated user 922ebb9c-461e-4ebb-bdbc-1cc6f2de8bd6','ADMIN','0:0:0:0:0:0:0:1','SM0001'),(0x03FCAE04B62C41D19EA4EA8C0CA50C02,'IMPERSONATE','2026-01-08 00:51:42.399364','Impersonated user 922ebb9c-461e-4ebb-bdbc-1cc6f2de8bd6','ADMIN','192.168.0.178','SM0001'),(0x040C866E30414901A24A169FB24D5579,'MANUAL_TRANSACTION','2026-01-11 12:22:30.165684','Admin adjusted funds for user 4aa20fd1-b270-4d0c-9e0a-d871bad11a93','ADMIN','10.241.186.203','SM0001'),(0x0449F1E4D70649F9851CC6D784A6996D,'LOGIN','2026-01-05 23:28:14.625555','8c436dac-a462-4c28-ba1d-1d8c16722dbe','USER','0:0:0:0:0:0:0:1',NULL),(0x0512236B6586458BA3BB1A6FB388851E,'IMPERSONATE','2026-01-05 23:31:33.888575','Impersonated user a299a06e-516b-4caf-931e-4118f734ec2a','ADMIN','0:0:0:0:0:0:0:1','SM0001'),(0x05BEA6C9C1D443E993178D75D81294BA,'IMPERSONATE','2026-01-05 22:44:24.503693','Impersonated user a299a06e-516b-4caf-931e-4118f734ec2a','ADMIN','0:0:0:0:0:0:0:1','SM0001'),(0x05D440D4BAE849DBB57CF54D4CDEC6E7,'CREATE_DEPOSIT_REQUEST','2026-01-05 00:26:21.501432','User firstmediatorclient@mvktraders.com requested deposit of 1000','CLIENT','0:0:0:0:0:0:0:1','SM0001'),(0x071F81F4700A4A1DB987B7E689C8E213,'LOGIN','2026-01-05 01:07:32.691051','8c436dac-a462-4c28-ba1d-1d8c16722dbe','USER','0:0:0:0:0:0:0:1',NULL),(0x07CE8F53DB1141CFB3CAFEDCD003BDB7,'LOGIN','2026-01-11 12:16:07.100755','8c436dac-a462-4c28-ba1d-1d8c16722dbe','USER','10.241.186.203',NULL),(0x09E273391BDA4482ACE720C55D31123E,'LOGIN','2026-01-05 23:03:36.623426','8c436dac-a462-4c28-ba1d-1d8c16722dbe','USER','0:0:0:0:0:0:0:1',NULL),(0x0B3512015E15488E9A1107D4FB8F428A,'LOGIN','2026-01-05 01:01:48.407229','8c436dac-a462-4c28-ba1d-1d8c16722dbe','USER','0:0:0:0:0:0:0:1',NULL),(0x0C36FA2BA011451F96E9539515DF8224,'LOGIN','2026-01-05 01:28:40.725318','a299a06e-516b-4caf-931e-4118f734ec2a','USER','0:0:0:0:0:0:0:1',NULL),(0x0E41FB0CFDAE48E680E998EA42D70BDC,'IMPERSONATE','2026-01-11 17:19:09.007507','Impersonated user 3eddc90d-b620-4a27-99c8-588e69d422fc','ADMIN','10.241.186.203','SM0001'),(0x0EC0A0F5C06D41C1B5B1220546DBA4B8,'IMPERSONATE','2026-01-11 17:24:42.692534','Impersonated user 3eddc90d-b620-4a27-99c8-588e69d422fc','ADMIN','10.241.186.203','SM0001'),(0x0F1AC4A45F8648E6976BD86D6E089E19,'LOGIN','2026-01-05 00:57:45.808172','8c436dac-a462-4c28-ba1d-1d8c16722dbe','USER','0:0:0:0:0:0:0:1',NULL),(0x0F6A92E59D194C628DCE31AABFC4E706,'LOGIN','2026-01-05 01:45:22.524034','8c436dac-a462-4c28-ba1d-1d8c16722dbe','USER','0:0:0:0:0:0:0:1',NULL),(0x1448460CDDDE4D6DBE53B2E289AF8AC0,'LOGIN','2026-01-06 22:45:54.555613','8c436dac-a462-4c28-ba1d-1d8c16722dbe','USER','0:0:0:0:0:0:0:1',NULL),(0x1524B60DBAB84EF58B77A671ACA8284C,'IMPERSONATE','2026-01-05 00:31:58.225717','Impersonated user f7cac5d9-f95e-4d34-884a-27fe02b81d7c','ADMIN','0:0:0:0:0:0:0:1','SM0001'),(0x154AA86130C74C17B9C8808C21480AC7,'CREATE_DEPOSIT_REQUEST','2026-01-06 22:45:45.302799','User secondmediatorclient@mvktraders.com requested deposit of 1000','CLIENT','0:0:0:0:0:0:0:1','SM0003'),(0x15E4E790C6F34266B7875120F86A6CDF,'APPROVE_DEPOSIT','2026-01-06 21:18:00.135837','Approved deposit request 023ebd68-24e3-4dff-94aa-3717eb5053ab for amount 10000.0000','ADMIN','0:0:0:0:0:0:0:1','SM0001'),(0x166E5932A32240E5A031F50CCD486F7C,'IMPERSONATE','2026-01-06 21:17:30.731844','Impersonated user a299a06e-516b-4caf-931e-4118f734ec2a','ADMIN','0:0:0:0:0:0:0:1','SM0001'),(0x17155817661C437BB1AE354CACECDE42,'LOGIN','2026-01-05 22:46:32.047127','8c436dac-a462-4c28-ba1d-1d8c16722dbe','USER','0:0:0:0:0:0:0:1',NULL),(0x189796EE3B0F49BFB413F635592BBD5D,'IMPERSONATE','2026-01-11 17:05:39.287673','Impersonated user 3eddc90d-b620-4a27-99c8-588e69d422fc','ADMIN','10.241.186.203','SM0001'),(0x18DF4BECADC4432490D5833FC885862C,'CREATE_DEPOSIT_REQUEST','2026-01-11 17:04:25.436314','User newclient@mvktraders.com requested deposit of 50000','CLIENT','10.241.186.203','SM0006'),(0x1A89D15471DF4DC8BE7F8B2724E88E0D,'IMPERSONATE','2026-01-05 22:58:54.387459','Impersonated user 922ebb9c-461e-4ebb-bdbc-1cc6f2de8bd6','ADMIN','0:0:0:0:0:0:0:1','SM0001'),(0x1A977E27123E4722A0A2B093DFE6889B,'IMPERSONATE','2026-01-11 12:03:19.798545','Impersonated user 922ebb9c-461e-4ebb-bdbc-1cc6f2de8bd6','ADMIN','10.241.186.203','SM0001'),(0x1D475C5B4A84429D82C62096D1D50504,'LOGIN','2026-01-05 22:51:13.253426','a299a06e-516b-4caf-931e-4118f734ec2a','USER','0:0:0:0:0:0:0:1',NULL),(0x1DC127B443844C6F89ED3ED33913D953,'APPROVE_DEPOSIT','2026-01-05 00:27:02.775188','Approved deposit request 2946959b-abb9-4535-a688-fb69692cea7f for amount 10000.0000','ADMIN','0:0:0:0:0:0:0:1','SM0001'),(0x1E57127EAB4D42C987273681EAF165B6,'LOGIN','2026-01-05 01:18:19.812091','8c436dac-a462-4c28-ba1d-1d8c16722dbe','USER','0:0:0:0:0:0:0:1',NULL),(0x1F05BA91ED5641B28AA6981E96305BEA,'LOGIN','2026-01-07 22:34:58.893166','8c436dac-a462-4c28-ba1d-1d8c16722dbe','USER','192.168.0.178',NULL),(0x1FAD0E834BAB4488AA358B373CC4C224,'IMPERSONATE','2026-01-05 02:07:22.968039','Impersonated user 922ebb9c-461e-4ebb-bdbc-1cc6f2de8bd6','ADMIN','0:0:0:0:0:0:0:1','SM0001'),(0x20D66093995B46BDBE0295D3C73791BE,'IMPERSONATE','2026-01-11 12:08:38.270703','Impersonated user 4aa20fd1-b270-4d0c-9e0a-d871bad11a93','ADMIN','10.241.186.203','SM0001'),(0x21D3179997254678A52D0F0E04D6BCB0,'IMPERSONATE','2026-01-11 13:01:46.451748','Impersonated user 922ebb9c-461e-4ebb-bdbc-1cc6f2de8bd6','ADMIN','172.25.243.25','SM0001'),(0x2231DBE0100E4AAFAB0854CD2D00DC06,'LOGIN','2026-01-06 22:27:07.091009','a299a06e-516b-4caf-931e-4118f734ec2a','USER','0:0:0:0:0:0:0:1',NULL),(0x227C314583CD4790934DE8F29CE6140E,'IMPERSONATE','2026-01-06 21:16:48.063806','Impersonated user 922ebb9c-461e-4ebb-bdbc-1cc6f2de8bd6','ADMIN','0:0:0:0:0:0:0:1','SM0001'),(0x233E95617829400A8E12CC78E219A570,'MANUAL_TRANSACTION','2026-01-11 12:22:42.686117','Admin adjusted funds for user 922ebb9c-461e-4ebb-bdbc-1cc6f2de8bd6','ADMIN','10.241.186.203','SM0001'),(0x238A6E9A3BFD4F1AA2BCCACB9EDA3C60,'LOGIN','2026-01-06 22:47:31.212668','a299a06e-516b-4caf-931e-4118f734ec2a','USER','0:0:0:0:0:0:0:1',NULL),(0x247200706F0748D981B626F83E6BBA9F,'LOGIN','2026-01-05 23:16:10.918699','8c436dac-a462-4c28-ba1d-1d8c16722dbe','USER','0:0:0:0:0:0:0:1',NULL),(0x24BF3CFE57DA47EEAEA62FCC2857DB09,'LOGIN','2026-01-06 22:18:36.913046','a299a06e-516b-4caf-931e-4118f734ec2a','USER','0:0:0:0:0:0:0:1',NULL),(0x24DB117F5757406888B21E2ADF5CECE7,'LOGIN','2026-01-05 00:19:39.351030','8c436dac-a462-4c28-ba1d-1d8c16722dbe','USER','0:0:0:0:0:0:0:1',NULL),(0x25F19C822F6C489BAB8F0A16F3DAAD89,'LOGIN','2026-01-11 16:57:18.351317','8c436dac-a462-4c28-ba1d-1d8c16722dbe','USER','10.241.186.203',NULL),(0x26CDB5A39B5446AA9DEAFE3F13240190,'LOGIN','2026-01-05 01:51:35.868857','a299a06e-516b-4caf-931e-4118f734ec2a','USER','0:0:0:0:0:0:0:1',NULL),(0x270A424C6F624C70BD44C840C272144D,'IMPERSONATE','2026-01-05 22:27:48.467506','Impersonated user a299a06e-516b-4caf-931e-4118f734ec2a','ADMIN','0:0:0:0:0:0:0:1','SM0001'),(0x2780B850BC2B41CEAF75F877F1080E32,'LOGIN','2026-01-11 12:04:02.183230','8c436dac-a462-4c28-ba1d-1d8c16722dbe','USER','10.241.186.203',NULL),(0x28FE92AAA0864676AE8FF8046C21A396,'LOGIN','2026-01-05 01:33:07.544276','a299a06e-516b-4caf-931e-4118f734ec2a','USER','0:0:0:0:0:0:0:1',NULL),(0x297A0782382048C8A6BB644D84F0D6F0,'LOGIN','2026-01-05 01:06:04.573187','8c436dac-a462-4c28-ba1d-1d8c16722dbe','USER','0:0:0:0:0:0:0:1',NULL),(0x29974C3F6EFA491DAF5B0DCF27342FD9,'MANUAL_TRANSACTION','2026-01-11 11:57:02.588653','Admin adjusted funds for user 922ebb9c-461e-4ebb-bdbc-1cc6f2de8bd6','ADMIN','10.241.186.203','SM0001'),(0x2A12E65BCF42428CAC653C46B070EB10,'LOGIN','2026-01-11 11:37:57.812202','8c436dac-a462-4c28-ba1d-1d8c16722dbe','USER','10.241.186.203',NULL),(0x2A783718B51A413CB751B6EA6275FA49,'LOGIN','2026-01-05 01:29:57.551495','a299a06e-516b-4caf-931e-4118f734ec2a','USER','0:0:0:0:0:0:0:1',NULL),(0x2AACABD9AE154EB1B032DAC745F3EA31,'IMPERSONATE','2026-01-05 00:32:14.667038','Impersonated user 4aa20fd1-b270-4d0c-9e0a-d871bad11a93','ADMIN','0:0:0:0:0:0:0:1','SM0001'),(0x2AED7BFDB2FD4584B44F5971A90FFE52,'LOGIN','2026-01-05 02:01:49.449364','922ebb9c-461e-4ebb-bdbc-1cc6f2de8bd6','USER','0:0:0:0:0:0:0:1',NULL),(0x2DFA78701265419A813E5FF683128360,'LOGIN','2026-01-05 01:26:45.303501','a299a06e-516b-4caf-931e-4118f734ec2a','USER','0:0:0:0:0:0:0:1',NULL),(0x2E89CC56DFED496A9B19426B5761804D,'LOGIN','2026-01-11 12:00:28.493402','8c436dac-a462-4c28-ba1d-1d8c16722dbe','USER','10.241.186.203',NULL),(0x2FC3DD86ED724F58AD9895EFFAC78114,'CREATE_DEPOSIT_REQUEST','2026-01-11 17:28:20.635812','User newclient@mvktraders.com requested deposit of 500','CLIENT','10.241.186.203','SM0006'),(0x30199CB57CD14B10B0C767309C9DECC4,'LOGIN','2026-01-06 22:09:40.551258','a299a06e-516b-4caf-931e-4118f734ec2a','USER','0:0:0:0:0:0:0:1',NULL),(0x305890E564694790972309AD4F20AD26,'LOGIN','2026-01-08 21:54:56.274975','8c436dac-a462-4c28-ba1d-1d8c16722dbe','USER','192.168.0.187',NULL),(0x31BD7559BFB74C6EA961973ACD4F3864,'LOGIN','2026-01-05 23:19:01.411647','8c436dac-a462-4c28-ba1d-1d8c16722dbe','USER','0:0:0:0:0:0:0:1',NULL),(0x32D9FACF24D346EA8004CF3AB84F8438,'LOGIN','2026-01-05 01:08:12.014922','8c436dac-a462-4c28-ba1d-1d8c16722dbe','USER','0:0:0:0:0:0:0:1',NULL),(0x345C29233C0C4F158DCFCFF6C61D7AD2,'LOGIN','2026-01-11 12:26:31.951437','8c436dac-a462-4c28-ba1d-1d8c16722dbe','USER','10.241.186.203',NULL),(0x35007AC49821454A95647AF32F932690,'IMPERSONATE','2026-01-11 12:01:19.167931','Impersonated user 922ebb9c-461e-4ebb-bdbc-1cc6f2de8bd6','ADMIN','10.241.186.203','SM0001'),(0x35DED401E5E446828C908C666C8D638C,'LOGIN','2026-01-06 21:17:10.439733','8c436dac-a462-4c28-ba1d-1d8c16722dbe','USER','0:0:0:0:0:0:0:1',NULL),(0x37189582721A4BB7ACAAAB91B15B24F1,'IMPERSONATE','2026-01-05 01:45:46.052395','Impersonated user a299a06e-516b-4caf-931e-4118f734ec2a','ADMIN','0:0:0:0:0:0:0:1','SM0001'),(0x3782668A91BA438CAC3468AEA06DD0BD,'CREATE_DEPOSIT_REQUEST','2026-01-11 11:43:14.459123','User secondmediatorclient@mvktraders.com requested deposit of 500','CLIENT','10.241.186.203','SM0005'),(0x378BFF5768BC4D76B13ED2275C7CB648,'LOGIN','2026-01-05 22:58:36.630634','8c436dac-a462-4c28-ba1d-1d8c16722dbe','USER','0:0:0:0:0:0:0:1',NULL),(0x378C88C6D82E4CFF95F41921A3B2A45A,'APPROVE_DEPOSIT','2026-01-11 13:01:06.765236','Approved deposit request 1fd8aa48-8b6e-4916-8ccd-82113229fd8b for amount 50000.0000','ADMIN','172.25.243.25','SM0001'),(0x3942FCC1483847DFB7C470A4B9251124,'LOGIN','2026-01-11 17:21:50.540487','8c436dac-a462-4c28-ba1d-1d8c16722dbe','USER','10.241.186.203',NULL),(0x3A6492A1EBD246F8B302974B9ED068E2,'LOGIN','2026-01-05 22:21:35.929061','8c436dac-a462-4c28-ba1d-1d8c16722dbe','USER','0:0:0:0:0:0:0:1',NULL),(0x3B3A526FB869408D85D81844D2F429DB,'LOGIN','2026-01-05 01:48:48.469566','8c436dac-a462-4c28-ba1d-1d8c16722dbe','USER','0:0:0:0:0:0:0:1',NULL),(0x3B89EFB03A23449FB415F634055F11CC,'CREATE_DEPOSIT_REQUEST','2026-01-05 00:26:10.588070','User firstclient@mvktraders.com requested deposit of 1000','CLIENT','0:0:0:0:0:0:0:1','SM0001'),(0x3C17588A4C8C46ADBABD9FDCEE5B3B1E,'IMPERSONATE','2026-01-05 22:51:34.341863','Impersonated user 922ebb9c-461e-4ebb-bdbc-1cc6f2de8bd6','ADMIN','0:0:0:0:0:0:0:1','SM0003'),(0x3DE44D8798CC4244BC3DC7769B5C1970,'LOGIN','2026-01-05 02:06:51.633508','8c436dac-a462-4c28-ba1d-1d8c16722dbe','USER','0:0:0:0:0:0:0:1',NULL),(0x3E9DC407B165489CA53681697B01BB35,'IMPERSONATE','2026-01-05 22:21:44.811697','Impersonated user a299a06e-516b-4caf-931e-4118f734ec2a','ADMIN','0:0:0:0:0:0:0:1','SM0001'),(0x3EE17410CBB44F1B89FD3B1775CB668B,'IMPERSONATE','2026-01-05 22:21:15.877388','Impersonated user f7cac5d9-f95e-4d34-884a-27fe02b81d7c','ADMIN','0:0:0:0:0:0:0:1','SM0001'),(0x401072CBE8B84A04862C6575FE5F7900,'LOGIN','2026-01-05 01:25:13.429887','a299a06e-516b-4caf-931e-4118f734ec2a','USER','0:0:0:0:0:0:0:1',NULL),(0x40892B37EFA841F389317D2FF1D45FBA,'IMPERSONATE','2026-01-05 23:16:25.811966','Impersonated user 922ebb9c-461e-4ebb-bdbc-1cc6f2de8bd6','ADMIN','0:0:0:0:0:0:0:1','SM0001'),(0x42075C179A9B4E8EA1A17ADFAB256CA5,'LOGIN','2026-01-05 22:33:03.569270','a299a06e-516b-4caf-931e-4118f734ec2a','USER','0:0:0:0:0:0:0:1',NULL),(0x428965429F184D09A4CD5C6F60EDF830,'LOGIN','2026-01-10 11:34:01.248864','8c436dac-a462-4c28-ba1d-1d8c16722dbe','USER','10.184.243.4',NULL),(0x4595973BCEF34F9481176A1AB2950D60,'LOGIN','2026-01-05 00:31:47.062262','8c436dac-a462-4c28-ba1d-1d8c16722dbe','USER','0:0:0:0:0:0:0:1',NULL),(0x46F8691C050747388CC1942D2983D387,'LOGIN','2026-01-06 21:21:40.933355','a299a06e-516b-4caf-931e-4118f734ec2a','USER','0:0:0:0:0:0:0:1',NULL),(0x47DAE15D976C4CC2AA33ACC0F327E4AE,'APPROVE_DEPOSIT','2026-01-05 00:26:53.588871','Approved deposit request c475efea-1897-4700-8743-72bf8d860477 for amount 1000.0000','ADMIN','0:0:0:0:0:0:0:1','SM0001'),(0x4866EBB855E141E3AE8D2BD8159F2276,'IMPERSONATE','2026-01-05 00:38:54.415612','Impersonated user 4aa20fd1-b270-4d0c-9e0a-d871bad11a93','ADMIN','0:0:0:0:0:0:0:1','SM0001'),(0x4C27252BF83A4ADCBEE8E17D68A4169B,'LOGIN','2026-01-05 02:00:31.679893','a299a06e-516b-4caf-931e-4118f734ec2a','USER','0:0:0:0:0:0:0:1',NULL),(0x4CFFE50648A347C79D1EFC3DA0A9E2C0,'LOGIN','2026-01-11 16:56:47.199807','4aa20fd1-b270-4d0c-9e0a-d871bad11a93','USER','10.241.186.203',NULL),(0x4D48B367F1354D4FB4418994A489A2D0,'IMPERSONATE','2026-01-05 01:37:44.414744','Impersonated user a299a06e-516b-4caf-931e-4118f734ec2a','ADMIN','0:0:0:0:0:0:0:1','SM0001'),(0x4DD7A187B04149868EB2E9ADABA0C080,'APPROVE_DEPOSIT','2026-01-05 01:07:00.658527','Approved deposit request 2f822863-76e0-41e9-9e26-07b82be5a1f8 for amount 10000.0000','ADMIN','0:0:0:0:0:0:0:1','SM0001'),(0x4ED72B08B549477780FCC286C2C0E081,'LOGIN','2026-01-09 00:57:15.024441','8c436dac-a462-4c28-ba1d-1d8c16722dbe','USER','192.168.0.190',NULL),(0x4FBDA81684B445C9B5A62CB8836F5686,'LOGIN','2026-01-05 01:41:51.187832','a299a06e-516b-4caf-931e-4118f734ec2a','USER','0:0:0:0:0:0:0:1',NULL),(0x50B1A8B318A6494EA824A0ED5709D8D8,'LOGIN','2026-01-09 00:59:51.444423','8c436dac-a462-4c28-ba1d-1d8c16722dbe','USER','192.168.0.190',NULL),(0x50E1CDF404A44E62AD391D97057A75BF,'REJECT_DEPOSIT','2026-01-11 13:06:27.683588','Rejected deposit request 9bd209ec-8cb1-412e-a5b5-0d11c9ee827d - Reason: Yes\n','ADMIN','172.25.243.25','SM0001'),(0x52352439AF57404CA615DC73F865BE70,'CREATE_PAYOUT','2026-01-05 01:06:52.770365','b299de7c-be64-49ee-a0fc-6b8e9ea02160','TRANSACTION','0:0:0:0:0:0:0:1','SM0001'),(0x53E42D277C974804BB14B03F3125258E,'IMPERSONATE','2026-01-05 01:07:07.529723','Impersonated user a299a06e-516b-4caf-931e-4118f734ec2a','ADMIN','0:0:0:0:0:0:0:1','SM0001'),(0x5407E529CB704C95A516984E79F16C4F,'LOGIN','2026-01-05 00:23:05.264548','8c436dac-a462-4c28-ba1d-1d8c16722dbe','USER','0:0:0:0:0:0:0:1',NULL),(0x555B492FDC0347E1BE0BC1572980E564,'REACTIVATE_USER','2026-01-11 13:07:25.798822','Admin admin@mvktraders.com reactivated user 3eddc90d-b620-4a27-99c8-588e69d422fc','ADMIN','172.25.243.25','SM0001'),(0x571A4C2A3BB04AB4A3D1BE438E85F55F,'LOGIN','2026-01-11 17:28:51.494386','8c436dac-a462-4c28-ba1d-1d8c16722dbe','USER','10.241.186.203',NULL),(0x57AB7EB762F542AFB0E2024F48BE4A8E,'LOGIN','2026-01-10 11:38:29.635604','4aa20fd1-b270-4d0c-9e0a-d871bad11a93','USER','10.184.243.4',NULL),(0x58E1DC98F32942FEA990E0CE6F6ADADC,'IMPERSONATE','2026-01-05 01:09:11.225355','Impersonated user a299a06e-516b-4caf-931e-4118f734ec2a','ADMIN','0:0:0:0:0:0:0:1','SM0001'),(0x59E35261DDBD4D4DADDB7AD359093CC4,'IMPERSONATE','2026-01-11 11:42:35.082681','Impersonated user 922ebb9c-461e-4ebb-bdbc-1cc6f2de8bd6','ADMIN','10.241.186.203','SM0001'),(0x59EB3629A1A4483CAF3343DCB06D4D04,'LOGIN','2026-01-05 01:08:52.470772','8c436dac-a462-4c28-ba1d-1d8c16722dbe','USER','0:0:0:0:0:0:0:1',NULL),(0x5A1AB1A8E738428F840E09C0ADF47293,'LOGIN','2026-01-06 22:46:27.379493','a299a06e-516b-4caf-931e-4118f734ec2a','USER','0:0:0:0:0:0:0:1',NULL),(0x5AB41B68589F46F08292451B26CD24AC,'LOGIN','2026-01-10 23:35:54.799456','4aa20fd1-b270-4d0c-9e0a-d871bad11a93','USER','10.217.28.209',NULL),(0x5BBFA8F1ADC8469BAECED9C321F7822C,'CREATE_PAYOUT','2026-01-05 01:08:29.411676','6cf35cea-cc08-4f4d-9c22-67e2a14d6ce4','TRANSACTION','0:0:0:0:0:0:0:1','SM0001'),(0x5D2CE36FD33B4F0B941058441BBD68A8,'LOGIN','2026-01-10 11:16:58.977100','8c436dac-a462-4c28-ba1d-1d8c16722dbe','USER','10.184.243.4',NULL),(0x5DC70F38C5F94781A38B540DD66F6B87,'LOGIN','2026-01-05 22:30:41.146838','8c436dac-a462-4c28-ba1d-1d8c16722dbe','USER','0:0:0:0:0:0:0:1',NULL),(0x607C83B30C3446FC898E9EC1BBE7F768,'LOGIN','2026-01-05 00:56:58.536297','8c436dac-a462-4c28-ba1d-1d8c16722dbe','USER','0:0:0:0:0:0:0:1',NULL),(0x624FF5CACA394EAFB2733053214F938C,'LOGIN','2026-01-10 11:40:55.300207','8c436dac-a462-4c28-ba1d-1d8c16722dbe','USER','10.184.243.4',NULL),(0x627565F752CF46FDAD99C31507E58F0D,'LOGIN','2026-01-05 23:30:53.373473','8c436dac-a462-4c28-ba1d-1d8c16722dbe','USER','0:0:0:0:0:0:0:1',NULL),(0x648E7FCC4BF4433184DF3E72D9FB4CCE,'MANUAL_TRANSACTION','2026-01-11 17:24:37.177909','Admin adjusted funds for user 3eddc90d-b620-4a27-99c8-588e69d422fc','ADMIN','10.241.186.203','SM0001'),(0x658C42F4B2A343E183E41EA856F9F242,'LOGIN','2026-01-06 21:17:53.950999','8c436dac-a462-4c28-ba1d-1d8c16722dbe','USER','0:0:0:0:0:0:0:1',NULL),(0x6599C059714346C8A957082FCE58EED0,'LOGIN','2026-01-05 00:26:03.287569','8c436dac-a462-4c28-ba1d-1d8c16722dbe','USER','0:0:0:0:0:0:0:1',NULL),(0x6614A348350C4BF3BFC1CAE3617C123B,'LOGIN','2026-01-06 21:45:42.308712','a299a06e-516b-4caf-931e-4118f734ec2a','USER','0:0:0:0:0:0:0:1',NULL),(0x6765AF94FF1245F4AE97A148B5DFD528,'PERMANENT_DELETE_USER','2026-01-11 13:03:14.457682','Admin admin@mvktraders.com permanently deleted user b230132f-53ab-471b-b5e7-39b0a5be28c5','ADMIN','172.25.243.25','SM0001'),(0x67FCFBFEDC864A83989E9829CD5FDACB,'LOGIN','2026-01-05 23:15:39.324824','8c436dac-a462-4c28-ba1d-1d8c16722dbe','USER','0:0:0:0:0:0:0:1',NULL),(0x68F7D35170D942BB88C90A9659600E03,'LOGIN','2026-01-10 11:13:47.650426','8c436dac-a462-4c28-ba1d-1d8c16722dbe','USER','10.184.243.4',NULL),(0x69120FF43F4A44B7B60ADA15AF889557,'LOGIN','2026-01-07 23:44:27.935742','8c436dac-a462-4c28-ba1d-1d8c16722dbe','USER','192.168.0.178',NULL),(0x6957CB283B04485AAAA4ACB440355205,'IMPERSONATE','2026-01-05 00:27:23.781073','Impersonated user f7cac5d9-f95e-4d34-884a-27fe02b81d7c','ADMIN','0:0:0:0:0:0:0:1','SM0001'),(0x6AB787B3D64D434BB8C1235DA4E4F647,'LOGIN','2026-01-05 01:57:09.121224','8c436dac-a462-4c28-ba1d-1d8c16722dbe','USER','0:0:0:0:0:0:0:1',NULL),(0x6D12AF4F363D4CBA8C8FC40719597DEC,'LOGIN','2026-01-11 18:15:28.994599','8c436dac-a462-4c28-ba1d-1d8c16722dbe','USER','10.241.186.203',NULL),(0x6D31F15940E84DC68ED61801B3820F1A,'LOGIN','2026-01-10 23:36:26.394329','8c436dac-a462-4c28-ba1d-1d8c16722dbe','USER','10.217.28.209',NULL),(0x6D92DC38180B415BB8C7A53537008AE8,'IMPERSONATE','2026-01-05 00:57:35.063498','Impersonated user f7cac5d9-f95e-4d34-884a-27fe02b81d7c','ADMIN','0:0:0:0:0:0:0:1','SM0001'),(0x6DB73D1695CC4FA0B85D041B76B5FD16,'CREATE_DEPOSIT_REQUEST','2026-01-06 21:20:56.244387','User secondmediatorclient@mvktraders.com requested deposit of 1000','CLIENT','0:0:0:0:0:0:0:1','SM0003'),(0x6DF78488573D4783A7C6905EF4A5382F,'LOGIN','2026-01-11 12:09:03.127946','8c436dac-a462-4c28-ba1d-1d8c16722dbe','USER','10.241.186.203',NULL),(0x6FD75DB2121A419790B362010A4FADF0,'LOGIN','2026-01-11 17:28:38.360410','4aa20fd1-b270-4d0c-9e0a-d871bad11a93','USER','10.241.186.203',NULL),(0x7053B3D518344B2C83752DCB9AAF837B,'IMPERSONATE','2026-01-05 00:39:37.696591','Impersonated user a299a06e-516b-4caf-931e-4118f734ec2a','ADMIN','0:0:0:0:0:0:0:1','SM0001'),(0x709CB89827C446FB9D94266DF16DB0C0,'PERMANENT_DELETE_USER','2026-01-09 01:23:56.768706','Admin admin@mvktraders.com permanently deleted user fd9b441c-041f-43e8-9f21-0942856cb204','ADMIN','192.168.0.190','SM0001'),(0x7122DAA2239C44B49D1CE1FD6594865F,'LOGIN','2026-01-11 17:24:14.903049','8c436dac-a462-4c28-ba1d-1d8c16722dbe','USER','10.241.186.203',NULL),(0x7209A5C2FFC04724A6652DC33C3C22CB,'IMPERSONATE','2026-01-05 22:24:19.859927','Impersonated user a299a06e-516b-4caf-931e-4118f734ec2a','ADMIN','0:0:0:0:0:0:0:1','SM0001'),(0x7453A1AB1A914DC4BBC81C05E2003AC8,'LOGIN','2026-01-05 01:41:18.404093','922ebb9c-461e-4ebb-bdbc-1cc6f2de8bd6','USER','0:0:0:0:0:0:0:1',NULL),(0x7679739E401A4A49BA3B84629FE52700,'LOGIN','2026-01-05 00:50:17.013005','8c436dac-a462-4c28-ba1d-1d8c16722dbe','USER','0:0:0:0:0:0:0:1',NULL),(0x77CA2CCF27BA4484BF7065542C2186F6,'LOGIN','2026-01-06 22:46:49.162604','8c436dac-a462-4c28-ba1d-1d8c16722dbe','USER','0:0:0:0:0:0:0:1',NULL),(0x77F4A06A0BF3410DAE64FACA6BF14293,'APPROVE_DEPOSIT','2026-01-05 00:21:44.712270','Approved deposit request f8682544-c1c4-40c1-b25c-dafc7c7121fa for amount 2000.0000','ADMIN','0:0:0:0:0:0:0:1','SM0001'),(0x78C97124709248D5B45E18ADDA6014CA,'APPROVE_DEPOSIT','2026-01-06 21:17:17.589854','Approved deposit request bff1b0c4-80e0-48c0-9e40-90ee891a3e7a for amount 1275.0000','ADMIN','0:0:0:0:0:0:0:1','SM0001'),(0x792CB2544949476BA3AFBDABD04B69E2,'LOGIN','2026-01-05 01:40:47.105907','8c436dac-a462-4c28-ba1d-1d8c16722dbe','USER','0:0:0:0:0:0:0:1',NULL),(0x797E36CC05114BF3B408EBA16E847031,'IMPERSONATE','2026-01-08 00:41:16.403535','Impersonated user 922ebb9c-461e-4ebb-bdbc-1cc6f2de8bd6','ADMIN','192.168.0.178','SM0001'),(0x79C88F5F8FEC4254B40C95A3524092CC,'LOGIN','2026-01-09 01:07:56.741780','8c436dac-a462-4c28-ba1d-1d8c16722dbe','USER','0:0:0:0:0:0:0:1',NULL),(0x7A415B94485045209E0B179EE5898E95,'IMPERSONATE','2026-01-05 23:03:57.388675','Impersonated user 4aa20fd1-b270-4d0c-9e0a-d871bad11a93','ADMIN','0:0:0:0:0:0:0:1','SM0001'),(0x7A5C32D94CBA44B9B31D23AA41951F1C,'LOGIN','2026-01-11 11:37:10.666341','8c436dac-a462-4c28-ba1d-1d8c16722dbe','USER','10.241.186.203',NULL),(0x7A607A70EA824E97882E2A390179A320,'LOGIN','2026-01-05 22:28:08.077662','8c436dac-a462-4c28-ba1d-1d8c16722dbe','USER','0:0:0:0:0:0:0:1',NULL),(0x7B488AB1B9714BF5A46F3B39DEAE7353,'LOGIN','2026-01-09 01:06:53.084123','8c436dac-a462-4c28-ba1d-1d8c16722dbe','USER','0:0:0:0:0:0:0:1',NULL),(0x7BD957DF937D4E4590C6C0FBCDDCC200,'LOGIN','2026-01-10 11:42:13.350790','8c436dac-a462-4c28-ba1d-1d8c16722dbe','USER','10.184.243.4',NULL),(0x7DBE2262C2DE4D6FAA540C3335A684E4,'IMPERSONATE','2026-01-05 22:46:43.470360','Impersonated user 922ebb9c-461e-4ebb-bdbc-1cc6f2de8bd6','ADMIN','0:0:0:0:0:0:0:1','SM0001'),(0x804E8BFDB94049A882E832CDD5190A58,'LOGIN','2026-01-05 00:21:33.005082','8c436dac-a462-4c28-ba1d-1d8c16722dbe','USER','0:0:0:0:0:0:0:1',NULL),(0x81BB875417BE4671917D3A6770739103,'LOGIN','2026-01-05 22:33:28.152463','8c436dac-a462-4c28-ba1d-1d8c16722dbe','USER','0:0:0:0:0:0:0:1',NULL),(0x8257B5CF66F24C4DA2AF876B1807BEBB,'IMPERSONATE','2026-01-05 22:50:06.434904','Impersonated user 922ebb9c-461e-4ebb-bdbc-1cc6f2de8bd6','ADMIN','0:0:0:0:0:0:0:1','SM0003'),(0x82B60BCA78624E4A82AEE5C9F6E5BA9A,'CREATE_DEPOSIT_REQUEST','2026-01-05 01:41:37.461431','User secondmediatorclient@mvktraders.com requested deposit of 10000','CLIENT','0:0:0:0:0:0:0:1','SM0005'),(0x82F807C5A7EA4AE1BE87D3EB53B6A7B7,'APPROVE_USER','2026-01-05 00:50:48.247860','Admin admin@mvktraders.com approved user 922ebb9c-461e-4ebb-bdbc-1cc6f2de8bd6','ADMIN','0:0:0:0:0:0:0:1','SM0001'),(0x832AC561CAAB4D0A90BAEC0ABB5A46C2,'LOGIN','2026-01-05 22:25:25.627402','8c436dac-a462-4c28-ba1d-1d8c16722dbe','USER','0:0:0:0:0:0:0:1',NULL),(0x83444E78D334400A9A39516C86E6BC53,'APPROVE_DEPOSIT','2026-01-11 11:43:53.708688','Approved deposit request 3e535790-d6ea-4992-98b4-58197f950365 for amount 500.0000','ADMIN','10.241.186.203','SM0001'),(0x84802ECEB1B743499E64064553293937,'CREATE_DEPOSIT_REQUEST','2026-01-11 12:45:31.646401','User firstclient@mvktraders.com requested deposit of 50000','CLIENT','172.25.243.25','SM0002'),(0x84DABBDC393A4FA09B93186DE545BB68,'LOGIN','2026-01-10 11:43:51.452650','8c436dac-a462-4c28-ba1d-1d8c16722dbe','USER','10.184.243.4',NULL),(0x85FCB07BFE384D868627C543BAC96847,'LOGIN','2026-01-11 12:07:51.050884','4aa20fd1-b270-4d0c-9e0a-d871bad11a93','USER','10.241.186.203',NULL),(0x865E5FFFC3AB4C60B683F520CAE0AA61,'IMPERSONATE','2026-01-05 01:56:38.444304','Impersonated user a299a06e-516b-4caf-931e-4118f734ec2a','ADMIN','0:0:0:0:0:0:0:1','SM0001'),(0x86A672DDFEFF4D5C87909A0A0A0A629B,'LOGIN','2026-01-05 01:51:55.889071','8c436dac-a462-4c28-ba1d-1d8c16722dbe','USER','0:0:0:0:0:0:0:1',NULL),(0x8844A57BC36842BA85457588BDDF19A6,'IMPERSONATE','2026-01-06 21:18:11.562632','Impersonated user a299a06e-516b-4caf-931e-4118f734ec2a','ADMIN','0:0:0:0:0:0:0:1','SM0001'),(0x88F62E9B96C74F54B0F1445C504C66E4,'IMPERSONATE','2026-01-11 11:57:15.160215','Impersonated user 922ebb9c-461e-4ebb-bdbc-1cc6f2de8bd6','ADMIN','10.241.186.203','SM0001'),(0x8918840709AE426BBF5A9615AD59A606,'LOGIN','2026-01-06 22:21:37.485320','a299a06e-516b-4caf-931e-4118f734ec2a','USER','0:0:0:0:0:0:0:1',NULL),(0x898EC630DEF94604B2FF2FB87641D9C4,'LOGIN','2026-01-05 23:32:49.906381','8c436dac-a462-4c28-ba1d-1d8c16722dbe','USER','0:0:0:0:0:0:0:1',NULL),(0x8B04FFDAC8A94DF280A0DD9541C87348,'APPROVE_DEPOSIT','2026-01-11 17:05:22.878374','Approved deposit request 923fcb4f-f55d-4a0f-8b85-62c7ae29c498 for amount 50000.0000','ADMIN','10.241.186.203','SM0001'),(0x8BCB52DBF14A4285B09EF046CB8F6F05,'LOGIN','2026-01-11 12:03:15.255869','8c436dac-a462-4c28-ba1d-1d8c16722dbe','USER','10.241.186.203',NULL),(0x8D8E3CC0C0CB452DA53B79EEDAD936E5,'LOGIN','2026-01-05 23:23:14.078793','8c436dac-a462-4c28-ba1d-1d8c16722dbe','USER','0:0:0:0:0:0:0:1',NULL),(0x8E12EC9F4CA342279EC068651AD61C85,'LOGIN','2026-01-05 01:18:02.272774','a299a06e-516b-4caf-931e-4118f734ec2a','USER','0:0:0:0:0:0:0:1',NULL),(0x8E3F9174DAFE4C06A44D3E8E8EB577D9,'IMPERSONATE','2026-01-05 01:06:14.849813','Impersonated user a299a06e-516b-4caf-931e-4118f734ec2a','ADMIN','0:0:0:0:0:0:0:1','SM0001'),(0x8ECFDE0123FA432DB54D76092347DD0E,'LOGIN','2026-01-09 00:56:04.711393','8c436dac-a462-4c28-ba1d-1d8c16722dbe','USER','192.168.0.190',NULL),(0x8F35104700094CC1953AB5D205C8247A,'APPROVE_DEPOSIT','2026-01-05 01:02:04.320940','Approved deposit request 63d4343c-ca1c-4ea3-b885-415b5bff267a for amount 10000.0000','ADMIN','0:0:0:0:0:0:0:1','SM0001'),(0x8F648BA3C2C6482A9A114FA2A360EB15,'LOGIN','2026-01-05 00:38:27.861182','8c436dac-a462-4c28-ba1d-1d8c16722dbe','USER','0:0:0:0:0:0:0:1',NULL),(0x91AFA352411845A58E4DBFB4D10ED814,'IMPERSONATE','2026-01-05 00:38:35.332413','Impersonated user f7cac5d9-f95e-4d34-884a-27fe02b81d7c','ADMIN','0:0:0:0:0:0:0:1','SM0001'),(0x91BE5AAD29A64BA4904790BB2A5ED7AE,'IMPERSONATE','2026-01-05 01:08:38.591042','Impersonated user f7cac5d9-f95e-4d34-884a-27fe02b81d7c','ADMIN','0:0:0:0:0:0:0:1','SM0001'),(0x92383D31593146B0972402FDEBAB12D5,'MANUAL_TRANSACTION','2026-01-11 17:24:31.737747','Admin adjusted funds for user 3eddc90d-b620-4a27-99c8-588e69d422fc','ADMIN','10.241.186.203','SM0001'),(0x93FEE5EFDC0C495985C4D311B41DD635,'LOGIN','2026-01-06 22:52:06.539232','a299a06e-516b-4caf-931e-4118f734ec2a','USER','0:0:0:0:0:0:0:1',NULL),(0x956F8B3A7FCD4161B63B129214010969,'CREATE_DEPOSIT_REQUEST','2026-01-05 00:21:21.124770','User firstclient@mvktraders.com requested deposit of 2000','CLIENT','0:0:0:0:0:0:0:1','SM0002'),(0x95B6EB723B6A48ECB04DB4539F60ABFA,'CREATE_DEPOSIT_REQUEST','2026-01-05 01:06:26.590472','User firstmediatorclient@mvktraders.com requested deposit of 10000','CLIENT','0:0:0:0:0:0:0:1','SM0003'),(0x96A30781B07B4AB6ABE0E5294BAEC7D7,'IMPERSONATE','2026-01-05 01:07:51.544143','Impersonated user f7cac5d9-f95e-4d34-884a-27fe02b81d7c','ADMIN','0:0:0:0:0:0:0:1','SM0001'),(0x9898A429CF2748FCB98AD5575B1A5994,'IMPERSONATE','2026-01-05 00:24:10.328799','Impersonated user a299a06e-516b-4caf-931e-4118f734ec2a','ADMIN','0:0:0:0:0:0:0:1','SM0001'),(0x98AB612F80F04727A426A2387121D60F,'LOGIN','2026-01-05 01:54:34.502921','8c436dac-a462-4c28-ba1d-1d8c16722dbe','USER','0:0:0:0:0:0:0:1',NULL),(0x99F6E0C1663342359FA7DDB540E37E9F,'LOGIN','2026-01-11 17:29:34.055230','8c436dac-a462-4c28-ba1d-1d8c16722dbe','USER','10.241.186.203',NULL),(0x9C382E6A11464C029CA0C9E44D4012FE,'LOGIN','2026-01-09 01:23:49.988316','8c436dac-a462-4c28-ba1d-1d8c16722dbe','USER','192.168.0.190',NULL),(0x9CE1369F57E041F5A11624C67713B37F,'LOGIN','2026-01-11 16:50:48.697560','8c436dac-a462-4c28-ba1d-1d8c16722dbe','USER','10.241.186.203',NULL),(0x9DEADC3F97544098B86F167041356C16,'LOGIN','2026-01-06 21:37:52.507362','a299a06e-516b-4caf-931e-4118f734ec2a','USER','0:0:0:0:0:0:0:1',NULL),(0x9DF740C352634054B820F41A3E227E6B,'LOGIN','2026-01-06 21:16:25.143079','8c436dac-a462-4c28-ba1d-1d8c16722dbe','USER','0:0:0:0:0:0:0:1',NULL),(0x9EA126E359F8491DAE639574BF185189,'LOGIN','2026-01-07 22:37:23.976804','8c436dac-a462-4c28-ba1d-1d8c16722dbe','USER','192.168.0.178',NULL),(0x9F1527E6AC964E378EE87F9D72307A74,'IMPERSONATE','2026-01-10 11:16:37.763436','Impersonated user f7cac5d9-f95e-4d34-884a-27fe02b81d7c','ADMIN','10.184.243.4','SM0001'),(0xA197F5056D95469AB38F9C528DA899A3,'MANUAL_TRANSACTION','2026-01-11 16:49:42.718126','Admin adjusted funds for user 3eddc90d-b620-4a27-99c8-588e69d422fc','ADMIN','10.241.186.203','SM0001'),(0xA21A899D4223410DA4512727C62E0F9E,'LOGIN','2026-01-05 22:46:56.062267','a299a06e-516b-4caf-931e-4118f734ec2a','USER','0:0:0:0:0:0:0:1',NULL),(0xA242FE7CA4854FE9875320D07C95FB91,'APPROVE_DEPOSIT','2026-01-05 01:42:37.502324','Approved deposit request 2d8e8e76-7c02-4d21-809b-49b30b89c534 for amount 10000.0000','ADMIN','0:0:0:0:0:0:0:1','SM0001'),(0xA469B13F25604807B0CCD9ED100E880E,'IMPERSONATE','2026-01-06 21:16:01.503876','Impersonated user 922ebb9c-461e-4ebb-bdbc-1cc6f2de8bd6','ADMIN','0:0:0:0:0:0:0:1','SM0001'),(0xA4C7DB1D907047888323F151FD2A90B7,'LOGIN','2026-01-11 13:05:42.078724','8c436dac-a462-4c28-ba1d-1d8c16722dbe','USER','172.25.243.25',NULL),(0xA530EE138B4C41DAABD1AC32187F0553,'IMPERSONATE','2026-01-05 00:21:00.648221','Impersonated user 4aa20fd1-b270-4d0c-9e0a-d871bad11a93','ADMIN','0:0:0:0:0:0:0:1','SM0001'),(0xA535D42EB5C94773B25348D1B0130E37,'REACTIVATE_USER','2026-01-11 13:03:54.254232','Admin admin@mvktraders.com reactivated user 3eddc90d-b620-4a27-99c8-588e69d422fc','ADMIN','172.25.243.25','SM0001'),(0xA6E1EDDE2D3C4BC8B0B96805A71F111B,'LOGIN','2026-01-05 22:39:56.458144','8c436dac-a462-4c28-ba1d-1d8c16722dbe','USER','0:0:0:0:0:0:0:1',NULL),(0xA75803F1003A4CC18FE97AED58D4921D,'MANUAL_TRANSACTION','2026-01-11 17:22:29.657619','Admin adjusted funds for user 3eddc90d-b620-4a27-99c8-588e69d422fc','ADMIN','10.241.186.203','SM0001'),(0xA7939A96CEDD471189C7ADDB3ACB0BE4,'LOGIN','2026-01-05 01:41:06.323159','4aa20fd1-b270-4d0c-9e0a-d871bad11a93','USER','0:0:0:0:0:0:0:1',NULL),(0xA85ED93E6CA4479DA31156B7CC524C17,'LOGIN','2026-01-10 23:35:26.782242','8c436dac-a462-4c28-ba1d-1d8c16722dbe','USER','10.217.28.209',NULL),(0xA99B8BE0703A4E8DAA54BC5A621A4C43,'LOGIN','2026-01-05 01:33:56.522921','922ebb9c-461e-4ebb-bdbc-1cc6f2de8bd6','USER','0:0:0:0:0:0:0:1',NULL),(0xAC525877C59C404CBE5560A837AF7F17,'LOGIN','2026-01-05 23:04:27.466272','8c436dac-a462-4c28-ba1d-1d8c16722dbe','USER','0:0:0:0:0:0:0:1',NULL),(0xADC941A8C3694997A9F10BB5457D6926,'LOGIN','2026-01-05 22:22:55.093790','8c436dac-a462-4c28-ba1d-1d8c16722dbe','USER','0:0:0:0:0:0:0:1',NULL),(0xADE18A754EE94441BDC4FBE774E72517,'IMPERSONATE','2026-01-05 01:57:19.021833','Impersonated user 922ebb9c-461e-4ebb-bdbc-1cc6f2de8bd6','ADMIN','0:0:0:0:0:0:0:1','SM0001'),(0xB04157B966C54B94BF5FB5F814F42A18,'IMPERSONATE','2026-01-05 22:29:55.637092','Impersonated user a299a06e-516b-4caf-931e-4118f734ec2a','ADMIN','0:0:0:0:0:0:0:1','SM0001'),(0xB0AB012355304D679497BB3580C10B84,'IMPERSONATE','2026-01-06 22:52:42.420984','Impersonated user 922ebb9c-461e-4ebb-bdbc-1cc6f2de8bd6','ADMIN','0:0:0:0:0:0:0:1','SM0003'),(0xB15A35CF966E488E9D5F754E9A0986E5,'IMPERSONATE','2026-01-11 17:22:36.647114','Impersonated user 3eddc90d-b620-4a27-99c8-588e69d422fc','ADMIN','10.241.186.203','SM0001'),(0xB1DD1A72AE9344F1B42EFD843B9E8908,'CREATE_DEPOSIT_REQUEST','2026-01-06 21:27:46.600764','User secondmediatorclient@mvktraders.com requested deposit of 1000','CLIENT','0:0:0:0:0:0:0:1','SM0003'),(0xB4CCAAEEDCFA43BE848B34E52BD9BC72,'LOGIN','2026-01-11 17:37:21.038606','8c436dac-a462-4c28-ba1d-1d8c16722dbe','USER','10.241.186.203',NULL),(0xB4EEDFA5C5BE43AFB577457ECDD79485,'APPROVE_DEPOSIT','2026-01-06 21:14:34.547403','Approved deposit request 91b9a393-319f-4715-bec7-148b82d0dfba for amount 1000.0000','ADMIN','0:0:0:0:0:0:0:1','SM0001'),(0xB555EED184D2400A82F9C27302EB0808,'LOGIN','2026-01-05 01:51:13.023623','922ebb9c-461e-4ebb-bdbc-1cc6f2de8bd6','USER','0:0:0:0:0:0:0:1',NULL),(0xB83600FC72EC41AFB9EF55FB2EE92B8D,'IMPERSONATE','2026-01-05 23:15:50.800198','Impersonated user a299a06e-516b-4caf-931e-4118f734ec2a','ADMIN','0:0:0:0:0:0:0:1','SM0001'),(0xB8727BBB00614C8785028F7E8DC2A4D0,'LOGIN','2026-01-07 23:43:15.076719','a299a06e-516b-4caf-931e-4118f734ec2a','USER','192.168.0.178',NULL),(0xB88075D29E6C4BFA8336E7992AF76F3F,'LOGIN','2026-01-10 18:07:16.838599','8c436dac-a462-4c28-ba1d-1d8c16722dbe','USER','10.217.28.209',NULL),(0xBA42D9EA2BC9496CBC946C29EB3848F8,'LOGIN','2026-01-05 02:00:22.017733','8c436dac-a462-4c28-ba1d-1d8c16722dbe','USER','0:0:0:0:0:0:0:1',NULL),(0xBADEC4641C8243B995912994A77A3584,'IMPERSONATE','2026-01-05 22:41:04.854978','Impersonated user a299a06e-516b-4caf-931e-4118f734ec2a','ADMIN','0:0:0:0:0:0:0:1','SM0001'),(0xBB8F5397DB854462B264FCDF775E5D56,'REQUEST_CREATE_USER','2026-01-05 00:25:15.190746','Mediator firstmediator@mvktraders.com requested user SM0004','MEDIATOR','0:0:0:0:0:0:0:1','SM0003'),(0xBD12CD03D1444D98B6B05FCE34E724A9,'LOGIN','2026-01-06 22:36:53.067302','a299a06e-516b-4caf-931e-4118f734ec2a','USER','0:0:0:0:0:0:0:1',NULL),(0xBD790E339A074041B8909C206BC29F68,'LOGIN','2026-01-06 21:13:06.097091','8c436dac-a462-4c28-ba1d-1d8c16722dbe','USER','0:0:0:0:0:0:0:1',NULL),(0xBD933ED2AF92462A896250FC8C84A310,'IMPERSONATE','2026-01-11 16:58:56.739087','Impersonated user 3eddc90d-b620-4a27-99c8-588e69d422fc','ADMIN','10.241.186.203','SM0001'),(0xBDA31425A5B1480580DB77C0AE3826C5,'LOGIN','2026-01-06 22:52:21.308806','8c436dac-a462-4c28-ba1d-1d8c16722dbe','USER','0:0:0:0:0:0:0:1',NULL),(0xBE2DA193685F4D4BBAFF8581DF531496,'MANUAL_TRANSACTION','2026-01-11 17:22:13.927773','Admin adjusted funds for user 3eddc90d-b620-4a27-99c8-588e69d422fc','ADMIN','10.241.186.203','SM0001'),(0xBF4683647B2F4EDC963BAE6A703E746D,'LOGIN','2026-01-05 01:42:31.612777','8c436dac-a462-4c28-ba1d-1d8c16722dbe','USER','0:0:0:0:0:0:0:1',NULL),(0xBF56F89B446F4DD7807D2CA59E900ADC,'LOGIN','2026-01-05 01:21:12.451180','a299a06e-516b-4caf-931e-4118f734ec2a','USER','0:0:0:0:0:0:0:1',NULL),(0xC12F64630DAA403696529A4DD52BE5A1,'LOGIN','2026-01-10 23:23:44.384785','8c436dac-a462-4c28-ba1d-1d8c16722dbe','USER','10.217.28.209',NULL),(0xC190BE09EA534A09AF180F26ED35C50A,'CREATE_DEPOSIT_REQUEST','2026-01-11 13:05:15.325876','User firstclient@mvktraders.com requested deposit of 500','CLIENT','172.25.243.25','SM0002'),(0xC3ECB0E235874A51A2392800390BA19C,'IMPERSONATE','2026-01-05 23:04:10.530990','Impersonated user a299a06e-516b-4caf-931e-4118f734ec2a','ADMIN','0:0:0:0:0:0:0:1','SM0001'),(0xC6487471A035454D92D3BCA36DC62074,'IMPERSONATE','2026-01-11 13:03:59.894819','Impersonated user 3eddc90d-b620-4a27-99c8-588e69d422fc','ADMIN','172.25.243.25','SM0001'),(0xC6C11E9B35CA492781A490C3BBD7B890,'CREATE_PAYOUT','2026-01-05 00:22:40.013315','98128bb7-66b5-4201-b7ab-5cced0746519','TRANSACTION','0:0:0:0:0:0:0:1','SM0001'),(0xC6ED6C5BA0C44FC0B0FDED210665677B,'IMPERSONATE','2026-01-05 22:38:25.800366','Impersonated user a299a06e-516b-4caf-931e-4118f734ec2a','ADMIN','0:0:0:0:0:0:0:1','SM0001'),(0xC78AE90F1BEB4CEC8C1ED71D488369A2,'CREATE_DEPOSIT_REQUEST','2026-01-05 01:01:34.666557','User firstmediatorclient@mvktraders.com requested deposit of 10000','CLIENT','0:0:0:0:0:0:0:1','SM0003'),(0xC86CC6831A3E4E2796C4C8F79A59075E,'LOGIN','2026-01-05 00:48:50.379167','8c436dac-a462-4c28-ba1d-1d8c16722dbe','USER','0:0:0:0:0:0:0:1',NULL),(0xC884B133CE464237A9CD417A6FDFC646,'IMPERSONATE','2026-01-09 01:07:07.897091','Impersonated user fd9b441c-041f-43e8-9f21-0942856cb204','ADMIN','0:0:0:0:0:0:0:1','SM0001'),(0xC8D7535D49A0449299928A17B6C9E911,'CREATE_PAYOUT','2026-01-06 21:13:50.455566','995a6d89-7632-4464-9e71-890f98b29204','TRANSACTION','0:0:0:0:0:0:0:1','SM0001'),(0xC923ABDF9F974166ADAE3B23B4BECCD4,'LOGIN','2026-01-09 01:13:25.258101','8c436dac-a462-4c28-ba1d-1d8c16722dbe','USER','192.168.0.190',NULL),(0xC92BD64801AD4EA58D91F96904432E78,'LOGIN','2026-01-11 12:21:59.559198','8c436dac-a462-4c28-ba1d-1d8c16722dbe','USER','10.241.186.203',NULL),(0xCA87377BDE7A468B83166F7A53D3D557,'LOGIN','2026-01-11 13:04:36.044401','8c436dac-a462-4c28-ba1d-1d8c16722dbe','USER','172.25.243.25',NULL),(0xCA8EF3E916CB4B2384E9548025DBE9CA,'LOGIN','2026-01-05 22:17:29.266556','8c436dac-a462-4c28-ba1d-1d8c16722dbe','USER','0:0:0:0:0:0:0:1',NULL),(0xCAEC842868F9471694A1FA63FAACDA53,'LOGIN','2026-01-11 16:49:04.059571','8c436dac-a462-4c28-ba1d-1d8c16722dbe','USER','10.241.186.203',NULL),(0xCB851FAC5D4F49C4ACD8001D59A8842F,'LOGIN','2026-01-10 11:15:01.468516','8c436dac-a462-4c28-ba1d-1d8c16722dbe','USER','10.184.243.4',NULL),(0xCBDF4570D4464399866EDE30E1FC53E9,'IMPERSONATE','2026-01-05 00:22:48.419843','Impersonated user 4aa20fd1-b270-4d0c-9e0a-d871bad11a93','ADMIN','0:0:0:0:0:0:0:1','SM0001'),(0xCC608D8EFC9D4BCA9A31A464CDE03BB4,'LOGIN','2026-01-09 01:21:20.439051','8c436dac-a462-4c28-ba1d-1d8c16722dbe','USER','192.168.0.190',NULL),(0xCCB1DACC618C41C19EAFD9E259EDE7F1,'LOGIN','2026-01-11 17:04:37.464120','8c436dac-a462-4c28-ba1d-1d8c16722dbe','USER','10.241.186.203',NULL),(0xCCDAEFC2301C48F4B48EA6A79FE03744,'LOGIN','2026-01-06 21:48:01.898963','a299a06e-516b-4caf-931e-4118f734ec2a','USER','0:0:0:0:0:0:0:1','SM0003'),(0xCDF7E21CD4C047DC9DD581FCB8C474D0,'LOGIN','2026-01-05 22:53:01.597660','a299a06e-516b-4caf-931e-4118f734ec2a','USER','0:0:0:0:0:0:0:1',NULL),(0xCF1200B574C44B988A99C85567678191,'LOGIN','2026-01-05 01:56:03.131404','8c436dac-a462-4c28-ba1d-1d8c16722dbe','USER','0:0:0:0:0:0:0:1',NULL),(0xCFC85AA210134216B6FDD0B4C637C2BF,'LOGIN','2026-01-08 00:57:17.440335','8c436dac-a462-4c28-ba1d-1d8c16722dbe','USER','192.168.0.178',NULL),(0xD1CA07EA340D4A3A841FEE581EE8956C,'LOGIN','2026-01-05 00:39:01.586999','8c436dac-a462-4c28-ba1d-1d8c16722dbe','USER','0:0:0:0:0:0:0:1',NULL),(0xD3DA3DFF941C4E44A426077D3C583378,'LOGIN','2026-01-05 01:28:47.886498','a299a06e-516b-4caf-931e-4118f734ec2a','USER','0:0:0:0:0:0:0:1',NULL),(0xD44461A4AAA34178B107CDAFF8BFDD0E,'MANUAL_TRANSACTION','2026-01-11 12:22:25.613045','Admin adjusted funds for user 4aa20fd1-b270-4d0c-9e0a-d871bad11a93','ADMIN','10.241.186.203','SM0001'),(0xD44E38E1F3C14B7A8D6E7FAC171BDDC1,'LOGIN','2026-01-11 17:16:30.421952','4aa20fd1-b270-4d0c-9e0a-d871bad11a93','USER','10.241.186.203',NULL),(0xD4A1C49AF60848BFBE286230EB6D51D0,'LOGIN','2026-01-11 12:08:25.349713','8c436dac-a462-4c28-ba1d-1d8c16722dbe','USER','10.241.186.203',NULL),(0xD4D3498BCE5C4264BE306883956E371A,'LOGIN','2026-01-09 01:01:07.333118','8c436dac-a462-4c28-ba1d-1d8c16722dbe','USER','192.168.0.190',NULL),(0xD4F337775D7B43CF97A2CB145490D759,'LOGIN','2026-01-05 02:05:45.335319','8c436dac-a462-4c28-ba1d-1d8c16722dbe','USER','0:0:0:0:0:0:0:1',NULL),(0xD5B9E9AABAFD47D38CBD27A2F9B797D4,'LOGIN','2026-01-05 01:38:02.013849','8c436dac-a462-4c28-ba1d-1d8c16722dbe','USER','0:0:0:0:0:0:0:1',NULL),(0xD722B38EC6404B1AAB9D166843A1FCB9,'IMPERSONATE','2026-01-11 17:29:15.989805','Impersonated user 3eddc90d-b620-4a27-99c8-588e69d422fc','ADMIN','10.241.186.203','SM0001'),(0xD7D370EA0C3F421FBA15082D5715A681,'LOGIN','2026-01-11 17:45:48.287911','8c436dac-a462-4c28-ba1d-1d8c16722dbe','USER','10.241.186.203',NULL),(0xD937BDA703924B0582108347BB12950C,'LOGIN','2026-01-05 02:01:03.646856','8c436dac-a462-4c28-ba1d-1d8c16722dbe','USER','0:0:0:0:0:0:0:1',NULL),(0xD9841081594E45FB9F938F03A0D5744D,'LOGIN','2026-01-05 23:04:04.722532','8c436dac-a462-4c28-ba1d-1d8c16722dbe','USER','0:0:0:0:0:0:0:1',NULL),(0xD98E6FABDB394F3CBADA28AE2445A82B,'LOGIN','2026-01-05 02:05:23.024047','a299a06e-516b-4caf-931e-4118f734ec2a','USER','0:0:0:0:0:0:0:1',NULL),(0xD9C371B3317F45CFA5F8362DA5DCCA82,'IMPERSONATE','2026-01-11 13:04:51.314213','Impersonated user 4aa20fd1-b270-4d0c-9e0a-d871bad11a93','ADMIN','172.25.243.25','SM0001'),(0xDA1F540F91F241698A97373ADB0FCD4F,'LOGIN','2026-01-06 21:27:26.303944','a299a06e-516b-4caf-931e-4118f734ec2a','USER','0:0:0:0:0:0:0:1',NULL),(0xDA33B9FB8549438484640BBFB8940D32,'IMPERSONATE','2026-01-05 02:06:07.238799','Impersonated user 922ebb9c-461e-4ebb-bdbc-1cc6f2de8bd6','ADMIN','0:0:0:0:0:0:0:1','SM0001'),(0xDA64359AF7844BF99F4A42502ACF0E9C,'IMPERSONATE','2026-01-05 01:55:33.085305','Impersonated user a299a06e-516b-4caf-931e-4118f734ec2a','ADMIN','0:0:0:0:0:0:0:1','SM0001'),(0xDA9BE5FF49FC454BBDAFE4CF4A250A92,'LOGIN','2026-01-05 01:34:05.806927','8c436dac-a462-4c28-ba1d-1d8c16722dbe','USER','0:0:0:0:0:0:0:1',NULL),(0xDAC4C55571904088B194326AE59DDA6A,'LOGIN','2026-01-05 00:32:08.090925','8c436dac-a462-4c28-ba1d-1d8c16722dbe','USER','0:0:0:0:0:0:0:1',NULL),(0xDBCF9ED92DDC4D11999DBD2845B0B9B4,'LOGIN','2026-01-05 00:39:26.334997','8c436dac-a462-4c28-ba1d-1d8c16722dbe','USER','0:0:0:0:0:0:0:1',NULL),(0xDBD817B1E6FD4F29AF3AA74BBEB0C13E,'LOGIN','2026-01-06 22:53:39.905095','8c436dac-a462-4c28-ba1d-1d8c16722dbe','USER','0:0:0:0:0:0:0:1',NULL),(0xDC4316176F4F41F9A5F982211948C71B,'LOGIN','2026-01-08 00:56:33.613845','4aa20fd1-b270-4d0c-9e0a-d871bad11a93','USER','192.168.0.178',NULL),(0xDC5E4961C3F74E6B846BACE453B509B1,'IMPERSONATE','2026-01-11 16:50:06.837465','Impersonated user 3eddc90d-b620-4a27-99c8-588e69d422fc','ADMIN','10.241.186.203','SM0001'),(0xDC8F8445572447C5A6A8A7801985A2EA,'LOGIN','2026-01-05 22:44:17.105515','8c436dac-a462-4c28-ba1d-1d8c16722dbe','USER','0:0:0:0:0:0:0:1',NULL),(0xDE5078E2FE8944A0A7EF6AB9D8C6FE28,'APPROVE_USER','2026-01-05 00:27:13.824123','Admin admin@mvktraders.com approved user f7cac5d9-f95e-4d34-884a-27fe02b81d7c','ADMIN','0:0:0:0:0:0:0:1','SM0001'),(0xDF762D604A094D5AAC406025E171C9F3,'LOGIN','2026-01-05 22:37:20.494405','8c436dac-a462-4c28-ba1d-1d8c16722dbe','USER','0:0:0:0:0:0:0:1',NULL),(0xDFD0A925BEF8424C8509930EF4C6EC52,'LOGIN','2026-01-11 12:45:54.452729','8c436dac-a462-4c28-ba1d-1d8c16722dbe','USER','172.25.243.25',NULL),(0xDFFE9C4EF1A34AC1B31C5209921D1CB4,'LOGIN','2026-01-06 21:27:38.050742','a299a06e-516b-4caf-931e-4118f734ec2a','USER','0:0:0:0:0:0:0:1',NULL),(0xE03E8DD7DE224F50AFECA86807955929,'LOGIN','2026-01-11 12:44:20.483865','4aa20fd1-b270-4d0c-9e0a-d871bad11a93','USER','172.25.243.25',NULL),(0xE0E243D1629D41DDAE493B60B578D422,'LOGIN','2026-01-10 23:34:44.473510','8c436dac-a462-4c28-ba1d-1d8c16722dbe','USER','10.217.28.209',NULL),(0xE1BFA7FDB0DD4324BC95949E4E97528F,'LOGIN','2026-01-10 18:02:30.879828','8c436dac-a462-4c28-ba1d-1d8c16722dbe','USER','10.217.28.209',NULL),(0xE1EC5DBF97AE4CEEB57D43E63C33D718,'LOGIN','2026-01-06 21:20:49.108503','a299a06e-516b-4caf-931e-4118f734ec2a','USER','0:0:0:0:0:0:0:1',NULL),(0xE1F101CA37A84F1EA7B009F61CE78CCE,'LOGIN','2026-01-05 00:33:03.668475','f7cac5d9-f95e-4d34-884a-27fe02b81d7c','USER','0:0:0:0:0:0:0:1',NULL),(0xE296246E37424C7199497D74D11475AC,'CREATE_DEPOSIT_REQUEST','2026-01-05 00:26:38.952345','User firstmediatorclient@mvktraders.com requested deposit of 10000','CLIENT','0:0:0:0:0:0:0:1','SM0001'),(0xE33ACB51328247028B159075AB3ADB58,'LOGIN','2026-01-06 22:44:38.046239','a299a06e-516b-4caf-931e-4118f734ec2a','USER','0:0:0:0:0:0:0:1',NULL),(0xE3D106F885644C7BA55ED8B46EB3CDC6,'LOGIN','2026-01-05 01:20:28.166805','a299a06e-516b-4caf-931e-4118f734ec2a','USER','0:0:0:0:0:0:0:1',NULL),(0xE4116D4575D94046A040A1DEB5375E89,'LOGIN','2026-01-05 01:49:15.453767','a299a06e-516b-4caf-931e-4118f734ec2a','USER','0:0:0:0:0:0:0:1',NULL),(0xE4253E4C1BE74399A910F7033902DA37,'IMPERSONATE','2026-01-05 22:53:07.152424','Impersonated user 922ebb9c-461e-4ebb-bdbc-1cc6f2de8bd6','ADMIN','0:0:0:0:0:0:0:1','SM0003'),(0xE433D938C1414B7BB3E44C5DEE0011D0,'CREATE_DEPOSIT_REQUEST','2026-01-11 13:04:16.580152','User newclient@mvktraders.com requested deposit of 500','CLIENT','172.25.243.25','SM0006'),(0xE47018A76D9C4C588E212A7C3CB64ACE,'APPROVE_DEPOSIT','2026-01-11 17:28:59.726408','Approved deposit request d4cfd312-4440-4c29-90a4-49493175ef50 for amount 500.0000','ADMIN','10.241.186.203','SM0001'),(0xE49A86D6CD414FE69844C1A93BC493B8,'LOGIN','2026-01-05 22:58:16.949542','a299a06e-516b-4caf-931e-4118f734ec2a','USER','0:0:0:0:0:0:0:1',NULL),(0xE4F1614AC0914929B94DF2B940983214,'LOGIN','2026-01-05 00:38:45.970832','8c436dac-a462-4c28-ba1d-1d8c16722dbe','USER','0:0:0:0:0:0:0:1',NULL),(0xE50A0332C9F248F0A560667AE201C8DE,'LOGIN','2026-01-05 01:24:00.083835','8c436dac-a462-4c28-ba1d-1d8c16722dbe','USER','0:0:0:0:0:0:0:1',NULL),(0xE50B86A19FBB45CAABA3E1AD8E014FF3,'IMPERSONATE','2026-01-05 23:03:45.586377','Impersonated user 922ebb9c-461e-4ebb-bdbc-1cc6f2de8bd6','ADMIN','0:0:0:0:0:0:0:1','SM0001'),(0xE54934333C5740A78950134C5CE427C0,'CREATE_PAYOUT','2026-01-05 02:07:03.321889','689ba2b3-7941-4a58-b88d-731926f81a5a','TRANSACTION','0:0:0:0:0:0:0:1','SM0001'),(0xE587C83989F144EB94440A956AB1507D,'REACTIVATE_USER','2026-01-11 13:01:23.717597','Admin admin@mvktraders.com reactivated user 922ebb9c-461e-4ebb-bdbc-1cc6f2de8bd6','ADMIN','172.25.243.25','SM0001'),(0xE633BDF50ECF47989D70F636FE36FA72,'LOGIN','2026-01-05 01:39:21.364501','8c436dac-a462-4c28-ba1d-1d8c16722dbe','USER','0:0:0:0:0:0:0:1',NULL),(0xE9B96D69CA7942349E06174D0F9D9C36,'REACTIVATE_USER','2026-01-09 01:14:26.174720','Admin admin@mvktraders.com reactivated user fd9b441c-041f-43e8-9f21-0942856cb204','ADMIN','192.168.0.190','SM0001'),(0xE9BA2F04EC3848829077633A2966CE69,'LOGIN','2026-01-11 13:02:08.083928','8c436dac-a462-4c28-ba1d-1d8c16722dbe','USER','172.25.243.25',NULL),(0xEAE306AA72964A1880F5C44EBB349A13,'APPROVE_DEPOSIT','2026-01-10 11:30:43.859304','Approved deposit request 882cef6c-f644-442d-945f-9cad0b512952 for amount 1000.0000','ADMIN','10.184.243.4','SM0001'),(0xEB5117A039024DC0A2FC36EA1B930059,'CREATE_PAYOUT','2026-01-05 01:55:01.933279','82e38388-74e3-4ea9-9444-b6ec52779481','TRANSACTION','0:0:0:0:0:0:0:1','SM0001'),(0xEBD176DFB5B24D9CB52B6BC488697E65,'IMPERSONATE','2026-01-05 22:36:58.878936','Impersonated user a299a06e-516b-4caf-931e-4118f734ec2a','ADMIN','0:0:0:0:0:0:0:1','SM0001'),(0xEC725F90CF1546538974FF545745D08C,'LOGIN','2026-01-06 21:56:51.810989','a299a06e-516b-4caf-931e-4118f734ec2a','USER','0:0:0:0:0:0:0:1',NULL),(0xEDAEEE6A2ACB46E993B05C401DB3F91C,'CREATE_DEPOSIT_REQUEST','2026-01-11 12:08:06.252757','User firstclient@mvktraders.com requested deposit of 100','CLIENT','10.241.186.203','SM0002'),(0xEF0DE06A44924C4BA1273571BC3E29C4,'MANUAL_TRANSACTION','2026-01-11 17:19:04.327539','Admin adjusted funds for user 3eddc90d-b620-4a27-99c8-588e69d422fc','ADMIN','10.241.186.203','SM0001'),(0xEF247A6408B24F53BD6D24D321ACB511,'LOGIN','2026-01-06 22:26:18.230036','a299a06e-516b-4caf-931e-4118f734ec2a','USER','0:0:0:0:0:0:0:1',NULL),(0xEF4D996611EB4217B20CC126BFAE4103,'IMPERSONATE','2026-01-05 00:22:09.005833','Impersonated user 4aa20fd1-b270-4d0c-9e0a-d871bad11a93','ADMIN','0:0:0:0:0:0:0:1','SM0001'),(0xF09CF0B1BEAE4755A9F6283991FCC997,'LOGIN','2026-01-06 22:52:34.417948','a299a06e-516b-4caf-931e-4118f734ec2a','USER','0:0:0:0:0:0:0:1',NULL),(0xF13217A218F34F6DBAF8930D4315A095,'LOGIN','2026-01-10 11:14:12.766995','4aa20fd1-b270-4d0c-9e0a-d871bad11a93','USER','10.184.243.4',NULL),(0xF190694094C941D7901F8EF7A6B3BB2D,'IMPERSONATE','2026-01-11 17:36:28.665651','Impersonated user 3eddc90d-b620-4a27-99c8-588e69d422fc','ADMIN','10.241.186.203','SM0001'),(0xF352F593D1F14480B9D7AC59F8F28178,'IMPERSONATE','2026-01-05 00:49:00.527702','Impersonated user a299a06e-516b-4caf-931e-4118f734ec2a','ADMIN','0:0:0:0:0:0:0:1','SM0001'),(0xF47C82FC568C4374A3654B6B87DB20CD,'IMPERSONATE','2026-01-05 00:57:52.485431','Impersonated user a299a06e-516b-4caf-931e-4118f734ec2a','ADMIN','0:0:0:0:0:0:0:1','SM0001'),(0xF4D21B1F805D45A68C6657F84B78052E,'CREATE_DEPOSIT_REQUEST','2026-01-06 21:13:16.393783','User firstclient@mvktraders.com requested deposit of 1000','CLIENT','0:0:0:0:0:0:0:1','SM0001'),(0xF661728CD412493F96F74FD4A9A4FCDB,'LOGIN','2026-01-08 00:55:40.436697','a299a06e-516b-4caf-931e-4118f734ec2a','USER','192.168.0.178',NULL),(0xF6A7C257F8D84E438703850AE44802AF,'REQUEST_CREATE_USER','2026-01-05 00:49:55.241353','Mediator firstmediator@mvktraders.com requested user SM0005','MEDIATOR','0:0:0:0:0:0:0:1','SM0003'),(0xF6D0317656024680A7F0D09E07E24D0A,'LOGIN','2026-01-05 22:36:45.591057','8c436dac-a462-4c28-ba1d-1d8c16722dbe','USER','0:0:0:0:0:0:0:1',NULL),(0xF6F4399DE6AC4341B4C002D4532E705D,'MANUAL_TRANSACTION','2026-01-11 11:42:22.528749','Admin adjusted funds for user 922ebb9c-461e-4ebb-bdbc-1cc6f2de8bd6','ADMIN','10.241.186.203','SM0001'),(0xF7DBE6B91D9B4C3A907D042C29134CEC,'CREATE_DEPOSIT_REQUEST','2026-01-06 21:17:00.256734','User secondmediatorclient@mvktraders.com requested deposit of 1275','CLIENT','0:0:0:0:0:0:0:1','SM0005'),(0xF8AC818EF6AD49CDB13E4D450812E6BA,'LOGIN','2026-01-05 00:22:22.835372','8c436dac-a462-4c28-ba1d-1d8c16722dbe','USER','0:0:0:0:0:0:0:1',NULL),(0xF951725E031A457CBBB7468B9FC294B3,'LOGIN','2026-01-11 17:18:49.354281','8c436dac-a462-4c28-ba1d-1d8c16722dbe','USER','10.241.186.203',NULL),(0xF994486E8E174DC4AE8C454377124571,'LOGIN','2026-01-10 11:49:27.145348','8c436dac-a462-4c28-ba1d-1d8c16722dbe','USER','10.184.243.4',NULL),(0xFA8701C0449648C68E58A65B305945F3,'LOGIN','2026-01-06 22:32:11.233121','a299a06e-516b-4caf-931e-4118f734ec2a','USER','0:0:0:0:0:0:0:1',NULL),(0xFCC0715F8FEB4263873B705B1808B1A3,'LOGIN','2026-01-10 11:46:47.492378','8c436dac-a462-4c28-ba1d-1d8c16722dbe','USER','10.184.243.4',NULL),(0xFCC7CF506E8B4568A561C4E2D9045090,'APPROVE_DEPOSIT','2026-01-11 12:08:29.097771','Approved deposit request 33a71f29-8614-41b5-9846-dba68afaabf3 for amount 100.0000','ADMIN','10.241.186.203','SM0001'),(0xFE5FBB666CDB4AD4A10864414CECA5CD,'CREATE_DEPOSIT_REQUEST','2026-01-06 21:17:38.508425','User secondmediatorclient@mvktraders.com requested deposit of 10000','CLIENT','0:0:0:0:0:0:0:1','SM0003'),(0xFF4ED977F5AC41FA923ADBA82470E7D1,'IMPERSONATE','2026-01-05 23:29:49.544192','Impersonated user a299a06e-516b-4caf-931e-4118f734ec2a','ADMIN','0:0:0:0:0:0:0:1','SM0001'),(0xFF8725813AB94EE0A9DFE584E036404C,'LOGIN','2026-01-07 22:36:00.779441','4aa20fd1-b270-4d0c-9e0a-d871bad11a93','USER','192.168.0.178',NULL),(0xFFCF4556470C4D9CBE8995ADB112C616,'LOGIN','2026-01-05 23:03:52.697348','8c436dac-a462-4c28-ba1d-1d8c16722dbe','USER','0:0:0:0:0:0:0:1',NULL),(0xFFF4BB30D4A449DB8731D44E42647D76,'LOGIN','2026-01-05 01:06:33.327671','8c436dac-a462-4c28-ba1d-1d8c16722dbe','USER','0:0:0:0:0:0:0:1',NULL);
/*!40000 ALTER TABLE `audit_logs` ENABLE KEYS */;
UNLOCK TABLES;

--
-- Table structure for table `delete_requests`
--

DROP TABLE IF EXISTS `delete_requests`;
/*!40101 SET @saved_cs_client     = @@character_set_client */;
/*!50503 SET character_set_client = utf8mb4 */;
CREATE TABLE `delete_requests` (
  `id` binary(16) NOT NULL,
  `created_at` datetime(6) DEFAULT NULL,
  `entity_id` binary(16) NOT NULL,
  `entity_type` varchar(255) NOT NULL,
  `reason` varchar(255) DEFAULT NULL,
  `status` enum('PENDING','APPROVED','REJECTED') NOT NULL,
  `updated_at` datetime(6) DEFAULT NULL,
  `requested_by` binary(16) DEFAULT NULL,
  PRIMARY KEY (`id`),
  KEY `FKf8jbdqpu8fqjqabkp03nmrtqp` (`requested_by`),
  CONSTRAINT `FKf8jbdqpu8fqjqabkp03nmrtqp` FOREIGN KEY (`requested_by`) REFERENCES `users` (`id`)
) ENGINE=InnoDB DEFAULT CHARSET=utf8mb4 COLLATE=utf8mb4_0900_ai_ci;
/*!40101 SET character_set_client = @saved_cs_client */;

--
-- Dumping data for table `delete_requests`
--

LOCK TABLES `delete_requests` WRITE;
/*!40000 ALTER TABLE `delete_requests` DISABLE KEYS */;
INSERT INTO `delete_requests` VALUES (0x64EF8BD2FA514545B739DE6E9AFB36C9,'2026-01-05 22:37:04.132469',0xF7CAC5D9F95E4D34884A27FE02B81D7C,'CLIENT','','APPROVED','2026-01-05 22:37:37.373802',0xA299A06E516B4CAF931E4118F734EC2A);
/*!40000 ALTER TABLE `delete_requests` ENABLE KEYS */;
UNLOCK TABLES;

--
-- Table structure for table `deposit_requests`
--

DROP TABLE IF EXISTS `deposit_requests`;
/*!40101 SET @saved_cs_client     = @@character_set_client */;
/*!50503 SET character_set_client = utf8mb4 */;
CREATE TABLE `deposit_requests` (
  `id` binary(16) NOT NULL,
  `user_id` binary(16) NOT NULL,
  `amount` decimal(19,4) NOT NULL,
  `proof_image_path` varchar(500) DEFAULT NULL,
  `user_note` varchar(500) DEFAULT NULL,
  `admin_note` varchar(500) DEFAULT NULL,
  `status` varchar(20) NOT NULL,
  `created_at` datetime(6) NOT NULL,
  `updated_at` datetime(6) DEFAULT NULL,
  PRIMARY KEY (`id`),
  KEY `idx_user_id` (`user_id`),
  CONSTRAINT `FKk1rpck9rstrgwf3hwp28pi76n` FOREIGN KEY (`user_id`) REFERENCES `users` (`id`)
) ENGINE=InnoDB DEFAULT CHARSET=utf8mb4 COLLATE=utf8mb4_0900_ai_ci;
/*!40101 SET character_set_client = @saved_cs_client */;

--
-- Dumping data for table `deposit_requests`
--

LOCK TABLES `deposit_requests` WRITE;
/*!40000 ALTER TABLE `deposit_requests` DISABLE KEYS */;
INSERT INTO `deposit_requests` VALUES (0x1A3E70D7B0B6486F92752A3B3238D838,0x3EDDC90DB6204A2799C8588E69D422FC,500.0000,'uploads\\deposits\\66a2adde-80f5-420d-b280-a71516d2813c_9f3dfa41-46a7-4cbe-833e-311ef851cd4d.jpeg',NULL,'Cancelled due to user deactivation','CANCELLED','2026-01-11 13:04:16.567328','2026-01-11 13:07:04.407747'),(0x1FD8AA488B6E49168CCD82113229FD8B,0x4AA20FD1B2704D0C9E0AD871BAD11A93,50000.0000,'uploads\\deposits\\ca22c11f-eefe-4bae-be17-b7c2e51ed9c4_04cee84b-24c1-4ca4-95b6-b8e689a7da8a.jpeg',NULL,'Approved by admin','APPROVED','2026-01-11 12:45:31.633986','2026-01-11 13:01:06.755475'),(0x923FCB4FF55D4A0F8B8562C7AE29C498,0x3EDDC90DB6204A2799C8588E69D422FC,50000.0000,NULL,'Client manual deposit','Approved by admin','APPROVED','2026-01-11 17:04:25.421979','2026-01-11 17:05:22.871839'),(0x9BD209EC8CB1412EA5B50D11C9EE827D,0x4AA20FD1B2704D0C9E0AD871BAD11A93,500.0000,'uploads\\deposits\\5311c1ea-ddc0-4186-b58b-37861c01d4ac_3609da22-7f93-45d0-93ea-9e748c7dd38f.jpeg',NULL,'Yes\n','REJECTED','2026-01-11 13:05:15.320160','2026-01-11 13:06:27.682555'),(0xD4CFD31244404C2990A449493175EF50,0x3EDDC90DB6204A2799C8588E69D422FC,500.0000,NULL,'Client manual deposit','Approved by admin','APPROVED','2026-01-11 17:28:20.625050','2026-01-11 17:28:59.717948');
/*!40000 ALTER TABLE `deposit_requests` ENABLE KEYS */;
UNLOCK TABLES;

--
-- Table structure for table `monthly_profit_history`
--

DROP TABLE IF EXISTS `monthly_profit_history`;
/*!40101 SET @saved_cs_client     = @@character_set_client */;
/*!50503 SET character_set_client = utf8mb4 */;
CREATE TABLE `monthly_profit_history` (
  `id` binary(16) NOT NULL,
  `calculated_at` datetime(6) DEFAULT NULL,
  `closing_balance` decimal(19,4) NOT NULL,
  `is_manual` bit(1) NOT NULL,
  `month` int NOT NULL,
  `opening_balance` decimal(19,4) NOT NULL,
  `profit_amount` decimal(19,4) NOT NULL,
  `profit_percentage` decimal(5,2) NOT NULL,
  `year` int NOT NULL,
  `user_id` binary(16) NOT NULL,
  PRIMARY KEY (`id`),
  UNIQUE KEY `UKpk5ocieho0al40rnwbuq63ry0` (`user_id`,`month`,`year`),
  UNIQUE KEY `user_id_UNIQUE` (`user_id`)
) ENGINE=InnoDB DEFAULT CHARSET=utf8mb4 COLLATE=utf8mb4_0900_ai_ci;
/*!40101 SET character_set_client = @saved_cs_client */;

--
-- Dumping data for table `monthly_profit_history`
--

LOCK TABLES `monthly_profit_history` WRITE;
/*!40000 ALTER TABLE `monthly_profit_history` DISABLE KEYS */;
/*!40000 ALTER TABLE `monthly_profit_history` ENABLE KEYS */;
UNLOCK TABLES;

--
-- Table structure for table `payout_requests`
--

DROP TABLE IF EXISTS `payout_requests`;
/*!40101 SET @saved_cs_client     = @@character_set_client */;
/*!50503 SET character_set_client = utf8mb4 */;
CREATE TABLE `payout_requests` (
  `id` binary(16) NOT NULL,
  `user_id` binary(16) NOT NULL,
  `amount` decimal(19,4) NOT NULL,
  `note` varchar(1000) DEFAULT NULL,
  `status` varchar(20) NOT NULL,
  `rejection_reason` varchar(500) DEFAULT NULL,
  `processed_by` varchar(50) DEFAULT NULL,
  `transaction_id_reference` varchar(100) DEFAULT NULL,
  `created_at` timestamp NULL DEFAULT CURRENT_TIMESTAMP,
  `updated_at` timestamp NULL DEFAULT CURRENT_TIMESTAMP ON UPDATE CURRENT_TIMESTAMP,
  `processed_at` timestamp NULL DEFAULT NULL,
  PRIMARY KEY (`id`),
  KEY `user_id` (`user_id`),
  CONSTRAINT `payout_requests_ibfk_1` FOREIGN KEY (`user_id`) REFERENCES `users` (`id`)
) ENGINE=InnoDB DEFAULT CHARSET=utf8mb4 COLLATE=utf8mb4_0900_ai_ci;
/*!40101 SET character_set_client = @saved_cs_client */;

--
-- Dumping data for table `payout_requests`
--

LOCK TABLES `payout_requests` WRITE;
/*!40000 ALTER TABLE `payout_requests` DISABLE KEYS */;
/*!40000 ALTER TABLE `payout_requests` ENABLE KEYS */;
UNLOCK TABLES;

--
-- Table structure for table `portfolios`
--

DROP TABLE IF EXISTS `portfolios`;
/*!40101 SET @saved_cs_client     = @@character_set_client */;
/*!50503 SET character_set_client = utf8mb4 */;
CREATE TABLE `portfolios` (
  `user_id` binary(16) NOT NULL,
  `id` binary(16) NOT NULL,
  `total_invested` decimal(19,4) DEFAULT NULL,
  `available_profit` decimal(19,4) DEFAULT NULL,
  `total_value` decimal(19,4) DEFAULT NULL,
  `profit_status` enum('ACTIVE','BLOCKED') DEFAULT NULL,
  `profit_percentage` decimal(5,2) DEFAULT NULL,
  `total_profit_earned` decimal(19,4) DEFAULT NULL,
  `created_at` datetime DEFAULT NULL,
  `updated_at` datetime DEFAULT NULL,
  PRIMARY KEY (`id`),
  UNIQUE KEY `UK_3pln4w3xki4pnsefe063ioh27` (`user_id`)
) ENGINE=InnoDB DEFAULT CHARSET=utf8mb4 COLLATE=utf8mb4_0900_ai_ci;
/*!40101 SET character_set_client = @saved_cs_client */;

--
-- Dumping data for table `portfolios`
--

LOCK TABLES `portfolios` WRITE;
/*!40000 ALTER TABLE `portfolios` DISABLE KEYS */;
INSERT INTO `portfolios` VALUES (0x922EBB9C461E4EBBBDBC1CC6F2DE8BD6,0x7253648914734FD88AE9167C15E2C88B,365000.0000,0.0000,365000.0000,'ACTIVE',0.00,0.0000,'2026-01-11 12:22:37','2026-01-11 12:22:43'),(0x4AA20FD1B2704D0C9E0AD871BAD11A93,0x8803BF2FD96A44E399BFF21F5EECCF8B,218600.0000,0.0000,218600.0000,'ACTIVE',0.00,0.0000,'2026-01-11 12:22:09','2026-01-11 13:06:09'),(0xF7CAC5D9F95E4D34884A27FE02B81D7C,0xB96E3C2B0C084441BDDA20871F00730C,0.0000,0.0000,0.0000,'ACTIVE',0.00,0.0000,'2026-01-11 12:46:16','2026-01-11 12:46:16'),(0x3EDDC90DB6204A2799C8588E69D422FC,0xB9790530AE7342DE978E05C122022248,43917.0000,0.0000,43917.0000,'ACTIVE',0.00,0.0000,'2026-01-11 12:27:09','2026-01-11 17:29:00');
/*!40000 ALTER TABLE `portfolios` ENABLE KEYS */;
UNLOCK TABLES;

--
-- Table structure for table `transactions`
--

DROP TABLE IF EXISTS `transactions`;
/*!40101 SET @saved_cs_client     = @@character_set_client */;
/*!50503 SET character_set_client = utf8mb4 */;
CREATE TABLE `transactions` (
  `id` binary(16) NOT NULL,
  `amount` decimal(19,4) NOT NULL,
  `created_at` datetime(6) DEFAULT NULL,
  `description` varchar(255) DEFAULT NULL,
  `type` enum('CREDIT','DEBIT','PROFIT','PAYOUT','DEPOSIT','WITHDRAWAL') DEFAULT NULL,
  `user_id` binary(16) NOT NULL,
  `message_content` text,
  `screenshot_path` varchar(255) DEFAULT NULL,
  PRIMARY KEY (`id`),
  KEY `idx_transactions_user_id` (`user_id`),
  KEY `idx_transactions_type` (`type`),
  KEY `idx_transactions_created_at` (`created_at`)
) ENGINE=InnoDB DEFAULT CHARSET=utf8mb4 COLLATE=utf8mb4_0900_ai_ci;
/*!40101 SET character_set_client = @saved_cs_client */;

--
-- Dumping data for table `transactions`
--

LOCK TABLES `transactions` WRITE;
/*!40000 ALTER TABLE `transactions` DISABLE KEYS */;
INSERT INTO `transactions` VALUES (0x046008DC6A154310B6AA241EB6CAB935,369.0000,'2026-01-11 17:24:31.735231','Admin deposit adjustment','DEPOSIT',0x3EDDC90DB6204A2799C8588E69D422FC,NULL,NULL),(0x076F55DCF0BF43E099D8DA0C9ABF9489,500.0000,'2026-01-11 17:19:04.324620','Admin deposit adjustment','DEPOSIT',0x3EDDC90DB6204A2799C8588E69D422FC,NULL,NULL),(0x08C492BA88C246C8878613E85017AA56,180000.0000,'2026-01-11 12:22:25.608721','Admin deposit adjustment','DEPOSIT',0x4AA20FD1B2704D0C9E0AD871BAD11A93,NULL,NULL),(0x09D8C4BAC315477CB3F05C91A9C32275,50000.0000,'2026-01-11 17:21:58.869677','Withdrawal approved - Bank Transfer','WITHDRAWAL',0x3EDDC90DB6204A2799C8588E69D422FC,NULL,NULL),(0x0EE2ED0C9CD74C97AAE9E1B75FC3148E,50000.0000,'2026-01-11 17:05:22.875862','Deposit approved - Approved by admin','DEPOSIT',0x3EDDC90DB6204A2799C8588E69D422FC,NULL,NULL),(0x3792D25B97004DB8927D2B5A4218B882,600.0000,'2026-01-11 12:22:30.161348','Admin withdrawal adjustment','WITHDRAWAL',0x4AA20FD1B2704D0C9E0AD871BAD11A93,NULL,NULL),(0x498E71771B1843E6807CD9583FDEAEE9,500.0000,'2026-01-11 17:28:59.723000','Deposit approved - Approved by admin','DEPOSIT',0x3EDDC90DB6204A2799C8588E69D422FC,NULL,NULL),(0x503C18D58A1B4FC6B881065BC3E50CAA,1234.0000,'2026-01-11 17:22:13.923751','Admin deposit adjustment','DEPOSIT',0x3EDDC90DB6204A2799C8588E69D422FC,NULL,NULL),(0x5B6E60EE00CE4B2CAC96DE530CE58C51,123.0000,'2026-01-11 17:24:37.175391','Admin withdrawal adjustment','WITHDRAWAL',0x3EDDC90DB6204A2799C8588E69D422FC,NULL,NULL),(0x725FF0AA88A847219B517892D1317C50,5000.0000,'2026-01-11 16:49:42.714602','Admin withdrawal adjustment','WITHDRAWAL',0x3EDDC90DB6204A2799C8588E69D422FC,NULL,NULL),(0x8A76E5BDDCDA4C4C91A95AF1A8A9BA80,2563.0000,'2026-01-11 17:22:29.654995','Admin withdrawal adjustment','WITHDRAWAL',0x3EDDC90DB6204A2799C8588E69D422FC,NULL,NULL),(0xC5F67BF7B335430A9B57CE0ECAA8F1E7,365000.0000,'2026-01-11 12:22:42.682567','Admin deposit adjustment','DEPOSIT',0x922EBB9C461E4EBBBDBC1CC6F2DE8BD6,NULL,NULL),(0xD7CA1E64EAB640C0B49528A9AE8DBE4B,50000.0000,'2026-01-11 13:01:06.762212','Deposit approved - Approved by admin','DEPOSIT',0x4AA20FD1B2704D0C9E0AD871BAD11A93,NULL,'uploads\\deposits\\ca22c11f-eefe-4bae-be17-b7c2e51ed9c4_04cee84b-24c1-4ca4-95b6-b8e689a7da8a.jpeg');
/*!40000 ALTER TABLE `transactions` ENABLE KEYS */;
UNLOCK TABLES;

--
-- Table structure for table `users`
--

DROP TABLE IF EXISTS `users`;
/*!40101 SET @saved_cs_client     = @@character_set_client */;
/*!50503 SET character_set_client = utf8mb4 */;
CREATE TABLE `users` (
  `n_id` bigint NOT NULL AUTO_INCREMENT,
  `user_id` varchar(20) DEFAULT NULL,
  `id` binary(16) NOT NULL,
  `name` varchar(255) NOT NULL,
  `mobile` varchar(255) DEFAULT NULL,
  `email` varchar(255) NOT NULL,
  `account_number` varchar(255) DEFAULT NULL,
  `bank_name` varchar(255) DEFAULT NULL,
  `role` enum('CLIENT','MEDIATOR','ADMIN') NOT NULL,
  `status` varchar(50) NOT NULL,
  `created_at` datetime DEFAULT NULL,
  `updated_at` datetime DEFAULT NULL,
  `password` varchar(255) NOT NULL,
  `mediator_id` binary(16) DEFAULT NULL,
  `deleted_at` datetime(6) DEFAULT NULL,
  `deleted_by` varchar(255) DEFAULT NULL,
  `is_deleted` tinyint(1) NOT NULL DEFAULT '0',
  PRIMARY KEY (`id`),
  UNIQUE KEY `UK_6dotkott2kjsp8vw4d0m25fb7` (`email`),
  UNIQUE KEY `uk_users_n_id` (`n_id`),
  UNIQUE KEY `uq_users_userid` (`user_id`),
  KEY `FKspui79eq9abrkiws63c6x4a0r` (`mediator_id`),
  CONSTRAINT `FKspui79eq9abrkiws63c6x4a0r` FOREIGN KEY (`mediator_id`) REFERENCES `users` (`id`)
) ENGINE=InnoDB AUTO_INCREMENT=17 DEFAULT CHARSET=utf8mb4 COLLATE=utf8mb4_0900_ai_ci;
/*!40101 SET character_set_client = @saved_cs_client */;

--
-- Dumping data for table `users`
--

LOCK TABLES `users` WRITE;
/*!40000 ALTER TABLE `users` DISABLE KEYS */;
INSERT INTO `users` VALUES (6,'SM0006',0x3EDDC90DB6204A2799C8588E69D422FC,'Newclient','7852369410','newclient@mvktraders.com',NULL,NULL,'CLIENT','ACTIVE','2026-01-11 12:27:09','2026-01-11 13:07:26','$2a$10$EZW5yReDeRtq2PqfuViGReHLxQvM9ThTZ4/n0fu3pKvi4lCowx4XG',NULL,NULL,NULL,0),(2,'SM0002',0x4AA20FD1B2704D0C9E0AD871BAD11A93,'firstclient','9873216540','firstclient@mvktraders.com',NULL,NULL,'CLIENT','ACTIVE','2026-01-05 00:20:49','2026-01-05 00:20:49','$2a$10$hzvMwmp5OSdenLJkk/jKOegdEOEmLjCdfEsGgwAzNxH6xK0hvPPi.',NULL,NULL,NULL,0),(1,'SM0001',0x8C436DACA4624C28BA1D1D8C16722DBE,'Srinivas','7207164117','admin@mvktraders.com',NULL,NULL,'ADMIN','ACTIVE','2025-12-20 14:04:13','2025-12-20 14:04:13','$2a$10$U25B2Zt6tED9v7RjQLsdXOVvN5HVEnQ5cUdyS..Z.HdJAvRKqz51q',NULL,NULL,NULL,0),(5,'SM0005',0x922EBB9C461E4EBBBDBC1CC6F2DE8BD6,'secondclient','9873216541','secondmediatorclient@mvktraders.com',NULL,NULL,'CLIENT','ACTIVE','2026-01-05 00:49:55','2026-01-11 13:01:24','$2a$10$5k4H1o5xJM66sGcHvmi3ceSharLUMOQ/GAvOEwK4MRLhp7g0nq9fa',0xA299A06E516B4CAF931E4118F734EC2A,NULL,NULL,0),(3,'SM0003',0xA299A06E516B4CAF931E4118F734EC2A,'firstmediator','9876543201','firstmediator@mvktraders.com',NULL,NULL,'MEDIATOR','ACTIVE','2026-01-05 00:23:39','2026-01-05 00:23:39','$2a$10$CFNS8785v710oIJqKUFkqOdKlwzipu5d41vAylJ94lbrIo1rVA4ua',NULL,NULL,NULL,0);
/*!40000 ALTER TABLE `users` ENABLE KEYS */;
UNLOCK TABLES;

--
-- Table structure for table `withdrawal_requests`
--

DROP TABLE IF EXISTS `withdrawal_requests`;
/*!40101 SET @saved_cs_client     = @@character_set_client */;
/*!50503 SET character_set_client = utf8mb4 */;
CREATE TABLE `withdrawal_requests` (
  `id` binary(16) NOT NULL,
  `user_id` binary(16) NOT NULL,
  `amount` decimal(19,4) NOT NULL,
  `status` varchar(20) NOT NULL,
  `rejection_reason` varchar(500) DEFAULT NULL,
  `processed_by` varchar(50) DEFAULT NULL,
  `payment_mode` varchar(50) DEFAULT NULL,
  `created_at` datetime(6) DEFAULT NULL,
  `updated_at` datetime(6) DEFAULT NULL,
  `processed_at` datetime(6) DEFAULT NULL,
  PRIMARY KEY (`id`),
  KEY `user_id` (`user_id`),
  CONSTRAINT `withdrawal_requests_ibfk_1` FOREIGN KEY (`user_id`) REFERENCES `users` (`id`)
) ENGINE=InnoDB DEFAULT CHARSET=utf8mb4 COLLATE=utf8mb4_0900_ai_ci;
/*!40101 SET character_set_client = @saved_cs_client */;

--
-- Dumping data for table `withdrawal_requests`
--

LOCK TABLES `withdrawal_requests` WRITE;
/*!40000 ALTER TABLE `withdrawal_requests` DISABLE KEYS */;
INSERT INTO `withdrawal_requests` VALUES (0x00241D73FDB8466AB147F1E3A5697C4C,0x4AA20FD1B2704D0C9E0AD871BAD11A93,369.0000,'REJECTED','Yes\n','SM0001',NULL,'2026-01-11 13:05:26.391069','2026-01-11 13:05:59.299847','2026-01-11 13:05:59.298322'),(0x0FD7ABA0D5BC45148CAAB4A9F08493F2,0x3EDDC90DB6204A2799C8588E69D422FC,50000.0000,'APPROVED',NULL,'SM0001','Bank Transfer','2026-01-11 17:12:42.546656','2026-01-11 17:21:58.877956','2026-01-11 17:21:58.861495'),(0x44AA21F055EE428F967C9DD0AAE555EA,0x3EDDC90DB6204A2799C8588E69D422FC,500.0000,'CANCELLED','Cancelled due to user deactivation',NULL,NULL,'2026-01-11 13:04:04.994937','2026-01-11 13:07:04.418083',NULL),(0xB299A06FAE7C4A83831FB2B337D253F4,0x3EDDC90DB6204A2799C8588E69D422FC,500.0000,'REJECTED','Y','SM0001',NULL,'2026-01-11 17:28:09.881383','2026-01-11 17:29:09.130476','2026-01-11 17:29:09.130476'),(0xD8233AAFCA3542AF84C1CF3E9EE776A6,0x3EDDC90DB6204A2799C8588E69D422FC,1000.0000,'APPROVED',NULL,'SM0001','Bank Transfer','2026-01-11 17:01:50.415480','2026-01-11 17:05:29.869808','2026-01-11 17:05:29.867860'),(0xE2CCC4DB83B24A418BB8CC29DD3EE62F,0x4AA20FD1B2704D0C9E0AD871BAD11A93,800.0000,'APPROVED',NULL,'SM0001','Bank Transfer','2026-01-11 13:05:21.011044','2026-01-11 13:06:09.199430','2026-01-11 13:06:09.197894'),(0xE6CDBA937C3F40A78EDF474EC0AA2FB5,0x4AA20FD1B2704D0C9E0AD871BAD11A93,10000.0000,'APPROVED',NULL,'SM0001','Bank Transfer','2026-01-11 12:44:33.813446','2026-01-11 13:01:12.467430','2026-01-11 13:01:12.464241');
/*!40000 ALTER TABLE `withdrawal_requests` ENABLE KEYS */;
UNLOCK TABLES;
/*!40103 SET TIME_ZONE=@OLD_TIME_ZONE */;

/*!40101 SET SQL_MODE=@OLD_SQL_MODE */;
/*!40014 SET FOREIGN_KEY_CHECKS=@OLD_FOREIGN_KEY_CHECKS */;
/*!40014 SET UNIQUE_CHECKS=@OLD_UNIQUE_CHECKS */;
/*!40101 SET CHARACTER_SET_CLIENT=@OLD_CHARACTER_SET_CLIENT */;
/*!40101 SET CHARACTER_SET_RESULTS=@OLD_CHARACTER_SET_RESULTS */;
/*!40101 SET COLLATION_CONNECTION=@OLD_COLLATION_CONNECTION */;
/*!40111 SET SQL_NOTES=@OLD_SQL_NOTES */;

-- Dump completed on 2026-01-12  0:19:50
